flight_id,airline,source,destination,departure_time,arrival_time,duration,airline_missing_flag,airline_unknown_flag,invalid_timestamp_flag,calculated_duration_minutes,temporal_anomaly_flag,overnight_flag,source_duration_minutes,duration_difference_minutes,duration_mismatch_flag,flight_duration_minutes,route,departure_date
SJ010,SpiceJet,CCU,MAA,2026-04-20 23:38:41.701,2026-04-21 02:32:41.701,02:54:00,False,False,False,174.0,False,True,174.0,0.0,False,174.0,CCU → MAA,2026-04-20
AI155,Air India,BOM,CCU,2026-04-20 23:35:41.703,2026-04-21 01:23:41.703,01:48:00,False,False,False,108.0,False,True,108.0,0.0,False,108.0,BOM → CCU,2026-04-20
UK094,Vistara,BOM,CCU,2026-04-20 23:26:41.702,2026-04-21 01:11:41.702,01:45:00,False,False,False,105.0,False,True,105.0,0.0,False,105.0,BOM → CCU,2026-04-20
AI245,Air India,BOM,CCU,2026-04-20 23:07:41.704,2026-04-21 01:43:41.704,02:36:00,False,False,False,156.0,False,True,156.0,0.0,False,156.0,BOM → CCU,2026-04-20
AI192,Air India,MAA,BOM,2026-04-20 23:05:41.703,2026-04-21 04:04:41.703,04:59:00,False,False,False,299.0,False,True,299.0,0.0,False,299.0,MAA → BOM,2026-04-20
SJ158,SpiceJet,DEL,HYD,2026-04-20 23:05:41.703,2026-04-21 01:24:41.703,02:19:00,False,False,False,139.0,False,True,139.0,0.0,False,139.0,DEL → HYD,2026-04-20
6F196,IndiGo,CCU,MAA,2026-04-20 23:04:41.703,2026-04-21 00:47:41.703,01:43:00,False,False,False,103.0,False,True,103.0,0.0,False,103.0,CCU → MAA,2026-04-20
AI080,Air India,BOM,HYD,2026-04-20 23:03:41.702,2026-04-21 00:35:41.702,01:32:00,False,False,False,92.0,False,True,92.0,0.0,False,92.0,BOM → HYD,2026-04-20
6F025,IndiGo,BLR,BOM,2026-04-20 23:02:41.701,2026-04-20 23:57:41.701,00:55:00,False,False,False,55.0,False,False,55.0,0.0,False,55.0,BLR → BOM,2026-04-20
6F251,UNKNOWN,DEL,BLR,2026-04-20 22:56:41.703,2026-04-20 23:37:41.703,00:41:00,False,True,False,41.0,False,False,41.0,0.0,False,41.0,DEL → BLR,2026-04-20
AI137,Air India,BOM,DEL,2026-04-20 22:49:41.702,2026-04-21 01:17:41.702,02:28:00,False,False,False,148.0,False,True,148.0,0.0,False,148.0,BOM → DEL,2026-04-20
6F026,IndiGo,BOM,CCU,2026-04-20 22:46:42.000,2026-04-21 03:13:42.000,04:27:00,False,False,False,267.0,False,True,267.0,0.0,False,267.0,BOM → CCU,2026-04-20
UK167,Vistara,DEL,MAA,2026-04-20 22:45:41.703,2026-04-21 01:46:41.703,03:01:00,False,False,False,181.0,False,True,181.0,0.0,False,181.0,DEL → MAA,2026-04-20
UK027,Vistara,BOM,CCU,2026-04-20 22:44:41.701,2026-04-21 01:05:41.701,02:21:00,False,False,False,141.0,False,True,141.0,0.0,False,141.0,BOM → CCU,2026-04-20
AI069,UNKNOWN,DEL,BOM,2026-04-20 22:43:41.702,2026-04-21 02:29:41.702,03:46:00,False,True,False,226.0,False,True,226.0,0.0,False,226.0,DEL → BOM,2026-04-20
AI058,Air India,BOM,CCU,2026-04-20 22:40:41.701,2026-04-21 00:18:41.701,01:38:00,False,False,False,98.0,False,True,98.0,0.0,False,98.0,BOM → CCU,2026-04-20
AI140,Air India,BOM,DEL,2026-04-20 22:25:41.702,2026-04-21 02:08:41.702,03:43:00,False,False,False,223.0,False,True,223.0,0.0,False,223.0,BOM → DEL,2026-04-20
SJ239,SpiceJet,BOM,CCU,2026-04-20 22:24:41.704,2026-04-21 00:10:41.704,01:46:00,False,False,False,106.0,False,True,106.0,0.0,False,106.0,BOM → CCU,2026-04-20
6F099,IndiGo,MAA,DEL,2026-04-20 22:24:41.702,2026-04-20 22:59:41.702,00:35:00,False,False,False,35.0,False,False,35.0,0.0,False,35.0,MAA → DEL,2026-04-20
AI048,Air India,CCU,DEL,2026-04-20 22:23:41.701,2026-04-21 02:15:41.701,03:52:00,False,False,False,232.0,False,True,232.0,0.0,False,232.0,CCU → DEL,2026-04-20
SJ112,SpiceJet,HYD,DEL,2026-04-20 22:20:41.702,2026-04-21 00:40:41.702,02:20:00,False,False,False,140.0,False,True,140.0,0.0,False,140.0,HYD → DEL,2026-04-20
6F164,IndiGo,BLR,BOM,2026-04-20 22:18:41.703,2026-04-21 00:45:41.703,02:27:00,False,False,False,147.0,False,True,147.0,0.0,False,147.0,BLR → BOM,2026-04-20
UK021,Vistara,HYD,MAA,2026-04-20 22:00:41.701,2026-04-20 23:50:41.701,01:50:00,False,False,False,110.0,False,False,110.0,0.0,False,110.0,HYD → MAA,2026-04-20
SJ172,SpiceJet,CCU,DEL,2026-04-20 21:58:41.703,2026-04-21 01:14:41.703,03:16:00,False,False,False,196.0,False,True,196.0,0.0,False,196.0,CCU → DEL,2026-04-20
AI060,Air India,DEL,HYD,2026-04-20 21:58:41.701,2026-04-20 23:51:41.701,01:53:00,False,False,False,113.0,False,False,113.0,0.0,False,113.0,DEL → HYD,2026-04-20
SJ205,SpiceJet,HYD,CCU,2026-04-20 21:56:41.703,2026-04-20 23:00:41.703,01:04:00,False,False,False,64.0,False,False,64.0,0.0,False,64.0,HYD → CCU,2026-04-20
SJ093,SpiceJet,BLR,BOM,2026-04-20 21:55:41.702,2026-04-20 23:01:41.702,01:06:00,False,False,False,66.0,False,False,66.0,0.0,False,66.0,BLR → BOM,2026-04-20
6F195,IndiGo,CCU,DEL,2026-04-20 21:44:41.703,2026-04-20 22:39:41.703,00:55:00,False,False,False,55.0,False,False,55.0,0.0,False,55.0,CCU → DEL,2026-04-20
UK003,UNKNOWN,HYD,DEL,2026-04-20 21:41:41.700,2026-04-21 02:19:41.700,04:38:00,False,True,False,278.0,False,True,278.0,0.0,False,278.0,HYD → DEL,2026-04-20
UK026,Vistara,HYD,MAA,2026-04-20 21:38:41.701,2026-04-20 23:44:41.701,02:06:00,False,False,False,126.0,False,False,126.0,0.0,False,126.0,HYD → MAA,2026-04-20
6F174,IndiGo,DEL,HYD,2026-04-20 21:36:41.703,2026-04-20 22:16:41.703,00:40:00,False,False,False,40.0,False,False,40.0,0.0,False,40.0,DEL → HYD,2026-04-20
UK067,Vistara,BOM,CCU,2026-04-20 21:36:41.701,2026-04-21 01:02:41.701,03:26:00,False,False,False,206.0,False,True,206.0,0.0,False,206.0,BOM → CCU,2026-04-20
SJ149,SpiceJet,HYD,MAA,2026-04-20 21:20:41.702,2026-04-20 23:20:42.000,02:00:00.298000,False,False,False,120.00496666666666,False,False,120.00496666666666,0.0,False,120.00496666666666,HYD → MAA,2026-04-20
6F213,IndiGo,BLR,BOM,2026-04-20 21:05:41.703,2026-04-21 00:32:41.703,03:27:00,False,False,False,207.0,False,True,207.0,0.0,False,207.0,BLR → BOM,2026-04-20
UK200,Vistara,CCU,DEL,2026-04-20 20:54:41.703,2026-04-20 22:45:41.703,01:51:00,False,False,False,111.0,False,False,111.0,0.0,False,111.0,CCU → DEL,2026-04-20
SJ214,SpiceJet,BOM,MAA,2026-04-20 20:54:41.703,2026-04-20 22:10:41.703,01:16:00,False,False,False,76.0,False,False,76.0,0.0,False,76.0,BOM → MAA,2026-04-20
SJ047,SpiceJet,HYD,BOM,2026-04-20 20:44:41.701,2026-04-20 21:21:41.701,00:37:00,False,False,False,37.0,False,False,37.0,0.0,False,37.0,HYD → BOM,2026-04-20
AI179,Air India,HYD,BOM,2026-04-20 20:41:41.703,2026-04-21 01:19:41.703,04:38:00,False,False,False,278.0,False,True,278.0,0.0,False,278.0,HYD → BOM,2026-04-20
SJ153,SpiceJet,DEL,CCU,2026-04-20 20:37:41.702,2026-04-20 22:00:41.702,01:23:00,False,False,False,83.0,False,False,83.0,0.0,False,83.0,DEL → CCU,2026-04-20
6F236,IndiGo,BOM,DEL,2026-04-20 20:35:41.704,2026-04-20 23:54:41.704,03:19:00,False,False,False,199.0,False,False,199.0,0.0,False,199.0,BOM → DEL,2026-04-20
UK059,Vistara,HYD,MAA,2026-04-20 20:33:41.701,2026-04-20 22:10:41.701,01:37:00,False,False,False,97.0,False,False,97.0,0.0,False,97.0,HYD → MAA,2026-04-20
SJ001,SpiceJet,BOM,MAA,2026-04-20 20:28:41.700,2026-04-21 01:15:41.700,04:47:00,False,False,False,287.0,False,True,287.0,0.0,False,287.0,BOM → MAA,2026-04-20
SJ049,SpiceJet,CCU,DEL,2026-04-20 20:26:41.701,2026-04-21 00:26:41.701,04:00:00,False,False,False,240.0,False,True,240.0,0.0,False,240.0,CCU → DEL,2026-04-20
6F086,IndiGo,MAA,HYD,2026-04-20 20:23:41.702,2026-04-20 21:00:41.702,00:37:00,False,False,False,37.0,False,False,37.0,0.0,False,37.0,MAA → HYD,2026-04-20
AI220,Air India,BOM,DEL,2026-04-20 20:19:41.703,2026-04-20 21:57:41.703,01:38:00,False,False,False,98.0,False,False,98.0,0.0,False,98.0,BOM → DEL,2026-04-20
AI188,Air India,CCU,HYD,2026-04-20 20:16:41.703,2026-04-20 23:02:41.703,02:46:00,False,False,False,166.0,False,False,166.0,0.0,False,166.0,CCU → HYD,2026-04-20
6F114,IndiGo,BOM,MAA,2026-04-20 20:10:41.702,2026-04-20 21:00:41.702,00:50:00,False,False,False,50.0,False,False,50.0,0.0,False,50.0,BOM → MAA,2026-04-20
SJ179,SpiceJet,DEL,HYD,2026-04-20 20:09:41.703,2026-04-20 23:39:41.703,03:30:00,False,False,False,210.0,False,False,210.0,0.0,False,210.0,DEL → HYD,2026-04-20
6F190,IndiGo,DEL,MAA,2026-04-20 20:02:41.703,2026-04-21 00:36:41.703,04:34:00,False,False,False,274.0,False,True,274.0,0.0,False,274.0,DEL → MAA,2026-04-20
SJ003,SpiceJet,MAA,CCU,2026-04-20 19:50:41.701,2026-04-20 20:32:41.701,00:42:00,False,False,False,42.0,False,False,42.0,0.0,False,42.0,MAA → CCU,2026-04-20
6F028,IndiGo,HYD,CCU,2026-04-20 19:49:41.701,2026-04-20 21:49:41.701,02:00:00,False,False,False,120.0,False,False,120.0,0.0,False,120.0,HYD → CCU,2026-04-20
UK036,Vistara,CCU,BLR,2026-04-20 19:48:41.701,2026-04-21 00:12:41.701,04:24:00,False,False,False,264.0,False,True,264.0,0.0,False,264.0,CCU → BLR,2026-04-20
SJ160,SpiceJet,MAA,BLR,2026-04-20 19:45:41.703,2026-04-20 20:30:41.703,00:45:00,False,False,False,45.0,False,False,45.0,0.0,False,45.0,MAA → BLR,2026-04-20
6F151,IndiGo,CCU,HYD,2026-04-20 19:44:41.703,2026-04-20 22:04:41.703,02:20:00,False,False,False,140.0,False,False,140.0,0.0,False,140.0,CCU → HYD,2026-04-20
UK140,Vistara,MAA,BLR,2026-04-20 19:37:41.703,2026-04-20 21:00:41.703,01:23:00,False,False,False,83.0,False,False,83.0,0.0,False,83.0,MAA → BLR,2026-04-20
AI115,Air India,MAA,BLR,2026-04-20 19:37:41.702,2026-04-21 00:26:41.702,04:49:00,False,False,False,289.0,False,True,289.0,0.0,False,289.0,MAA → BLR,2026-04-20
AI132,Air India,BLR,BOM,2026-04-20 19:32:41.702,2026-04-20 21:41:41.702,02:09:00,False,False,False,129.0,False,False,129.0,0.0,False,129.0,BLR → BOM,2026-04-20
UK209,UNKNOWN,MAA,BLR,2026-04-20 19:02:41.704,2026-04-20 21:47:41.704,02:45:00,True,True,False,165.0,False,False,165.0,0.0,False,165.0,MAA → BLR,2026-04-20
SJ043,UNKNOWN,MAA,DEL,2026-04-20 18:59:41.701,2026-04-20 21:08:41.701,02:09:00,False,True,False,129.0,False,False,129.0,0.0,False,129.0,MAA → DEL,2026-04-20
UK176,Vistara,HYD,BLR,2026-04-20 18:41:41.703,2026-04-20 22:49:41.703,04:08:00,False,False,False,248.0,False,False,248.0,0.0,False,248.0,HYD → BLR,2026-04-20
UK216,Vistara,MAA,HYD,2026-04-20 18:33:41.704,2026-04-20 21:47:41.704,03:14:00,False,False,False,194.0,False,False,194.0,0.0,False,194.0,MAA → HYD,2026-04-20
UK150,Vistara,DEL,CCU,2026-04-20 18:31:41.703,2026-04-20 19:01:41.703,00:30:00,False,False,False,30.0,False,False,30.0,0.0,False,30.0,DEL → CCU,2026-04-20
UK145,Vistara,BOM,HYD,2026-04-20 18:30:41.703,2026-04-20 20:41:41.703,02:11:00,False,False,False,131.0,False,False,131.0,0.0,False,131.0,BOM → HYD,2026-04-20
6F270,UNKNOWN,HYD,MAA,2026-04-20 18:14:41.701,2026-04-20 19:02:41.701,00:48:00,True,True,False,48.0,False,False,48.0,0.0,False,48.0,HYD → MAA,2026-04-20
6F012,IndiGo,CCU,HYD,2026-04-20 18:06:41.701,2026-04-20 21:31:41.701,03:25:00,False,False,False,205.0,False,False,205.0,0.0,False,205.0,CCU → HYD,2026-04-20
SJ236,SpiceJet,MAA,BOM,2026-04-20 18:03:41.704,2026-04-20 22:02:41.704,03:59:00,False,False,False,239.0,False,False,239.0,0.0,False,239.0,MAA → BOM,2026-04-20
6F149,IndiGo,BLR,CCU,2026-04-20 17:57:41.703,2026-04-20 20:42:41.703,02:45:00,False,False,False,165.0,False,False,165.0,0.0,False,165.0,BLR → CCU,2026-04-20
UK004,Vistara,BOM,CCU,2026-04-20 17:56:41.700,2026-04-20 18:30:41.700,00:34:00,False,False,False,34.0,False,False,34.0,0.0,False,34.0,BOM → CCU,2026-04-20
UK010,Vistara,MAA,HYD,2026-04-20 17:53:41.701,2026-04-20 20:40:41.701,02:47:00,False,False,False,167.0,False,False,167.0,0.0,False,167.0,MAA → HYD,2026-04-20
UK215,Vistara,BOM,DEL,2026-04-20 17:38:41.704,2026-04-20 19:50:41.704,02:12:00,False,False,False,132.0,False,False,132.0,0.0,False,132.0,BOM → DEL,2026-04-20
SJ116,SpiceJet,HYD,CCU,2026-04-20 17:33:41.702,2026-04-20 19:02:41.702,01:29:00,False,False,False,89.0,False,False,89.0,0.0,False,89.0,HYD → CCU,2026-04-20
SJ023,SpiceJet,HYD,MAA,2026-04-20 17:27:41.701,2026-04-20 19:09:41.701,01:42:00,False,False,False,102.0,False,False,102.0,0.0,False,102.0,HYD → MAA,2026-04-20
UK152,Vistara,BOM,CCU,2026-04-20 17:24:41.703,2026-04-20 20:13:41.703,02:49:00,False,False,False,169.0,False,False,169.0,0.0,False,169.0,BOM → CCU,2026-04-20
SJ202,SpiceJet,CCU,HYD,2026-04-20 17:21:41.703,2026-04-20 19:08:41.703,01:47:00,False,False,False,107.0,False,False,107.0,0.0,False,107.0,CCU → HYD,2026-04-20
6F043,IndiGo,BOM,HYD,2026-04-20 17:17:41.701,2026-04-20 18:43:41.701,01:26:00,False,False,False,86.0,False,False,86.0,0.0,False,86.0,BOM → HYD,2026-04-20
UK173,Vistara,MAA,BLR,2026-04-20 17:06:41.703,2026-04-20 21:22:41.703,04:16:00,False,False,False,256.0,False,False,256.0,0.0,False,256.0,MAA → BLR,2026-04-20
SJ081,SpiceJet,BOM,BLR,2026-04-20 17:04:41.702,2026-04-20 18:53:41.702,01:49:00,False,False,False,109.0,False,False,109.0,0.0,False,109.0,BOM → BLR,2026-04-20
UK153,Vistara,CCU,HYD,2026-04-20 16:52:41.703,2026-04-20 20:53:41.703,04:01:00,False,False,False,241.0,False,False,241.0,0.0,False,241.0,CCU → HYD,2026-04-20
UK187,Vistara,BLR,BOM,2026-04-20 16:52:41.703,2026-04-20 18:42:41.703,01:50:00,False,False,False,110.0,False,False,110.0,0.0,False,110.0,BLR → BOM,2026-04-20
UK055,Vistara,HYD,DEL,2026-04-20 16:48:41.701,2026-04-20 19:31:41.701,02:43:00,False,False,False,163.0,False,False,163.0,0.0,False,163.0,HYD → DEL,2026-04-20
UK181,Vistara,MAA,DEL,2026-04-20 16:44:41.703,2026-04-20 19:26:41.703,02:42:00,False,False,False,162.0,False,False,162.0,0.0,False,162.0,MAA → DEL,2026-04-20
UK074,Vistara,BOM,DEL,2026-04-20 16:44:41.702,2026-04-20 18:41:41.702,01:57:00,False,False,False,117.0,False,False,117.0,0.0,False,117.0,BOM → DEL,2026-04-20
SJ068,SpiceJet,BLR,BOM,2026-04-20 16:44:41.701,2026-04-20 18:48:41.701,02:04:00,False,False,False,124.0,False,False,124.0,0.0,False,124.0,BLR → BOM,2026-04-20
AI242,UNKNOWN,BLR,CCU,2026-04-20 16:41:41.704,2026-04-20 17:43:41.704,01:02:00,False,True,False,62.0,False,False,62.0,0.0,False,62.0,BLR → CCU,2026-04-20
SJ237,SpiceJet,BOM,CCU,2026-04-20 16:32:41.704,2026-04-20 19:00:41.704,02:28:00,False,False,False,148.0,False,False,148.0,0.0,False,148.0,BOM → CCU,2026-04-20
6F194,IndiGo,BOM,CCU,2026-04-20 16:29:41.703,2026-04-20 18:27:41.703,01:58:00,False,False,False,118.0,False,False,118.0,0.0,False,118.0,BOM → CCU,2026-04-20
UK063,Vistara,DEL,BOM,2026-04-20 16:29:41.701,2026-04-20 17:41:41.701,01:12:00,False,False,False,72.0,False,False,72.0,0.0,False,72.0,DEL → BOM,2026-04-20
UK068,Vistara,BLR,MAA,2026-04-20 16:28:41.701,2026-04-20 18:09:41.701,01:41:00,False,False,False,101.0,False,False,101.0,0.0,False,101.0,BLR → MAA,2026-04-20
UK224,UNKNOWN,CCU,MAA,2026-04-20 16:25:41.704,2026-04-20 20:24:41.704,03:59:00,True,True,False,239.0,False,False,239.0,0.0,False,239.0,CCU → MAA,2026-04-20
UK077,UNKNOWN,HYD,BOM,2026-04-20 16:22:41.702,2026-04-20 18:00:41.702,01:38:00,False,True,False,98.0,False,False,98.0,0.0,False,98.0,HYD → BOM,2026-04-20
UK207,Vistara,MAA,CCU,2026-04-20 16:21:41.703,2026-04-20 17:36:41.703,01:15:00,False,False,False,75.0,False,False,75.0,0.0,False,75.0,MAA → CCU,2026-04-20
AI221,Air India,MAA,HYD,2026-04-20 16:18:41.703,2026-04-20 18:54:41.703,02:36:00,False,False,False,156.0,False,False,156.0,0.0,False,156.0,MAA → HYD,2026-04-20
UK109,Vistara,BLR,BOM,2026-04-20 16:06:41.702,2026-04-20 17:06:42.000,01:00:00.298000,False,False,False,60.00496666666666,False,False,60.00496666666666,0.0,False,60.00496666666666,BLR → BOM,2026-04-20
UK089,Vistara,BOM,HYD,2026-04-20 15:38:41.702,2026-04-20 19:50:41.702,04:12:00,False,False,False,252.0,False,False,252.0,0.0,False,252.0,BOM → HYD,2026-04-20
AI072,Air India,BLR,CCU,2026-04-20 15:34:41.702,2026-04-20 16:32:41.702,00:58:00,False,False,False,58.0,False,False,58.0,0.0,False,58.0,BLR → CCU,2026-04-20
UK131,Vistara,BOM,DEL,2026-04-20 15:33:41.702,2026-04-20 19:39:41.702,04:06:00,False,False,False,246.0,False,False,246.0,0.0,False,246.0,BOM → DEL,2026-04-20
SJ150,SpiceJet,BOM,HYD,2026-04-20 15:33:41.702,2026-04-20 19:03:41.702,03:30:00,False,False,False,210.0,False,False,210.0,0.0,False,210.0,BOM → HYD,2026-04-20
6F097,IndiGo,BLR,BOM,2026-04-20 15:32:41.702,2026-04-20 16:49:41.702,01:17:00,False,False,False,77.0,False,False,77.0,0.0,False,77.0,BLR → BOM,2026-04-20
6F123,IndiGo,DEL,HYD,2026-04-20 15:26:41.702,2026-04-20 17:12:41.702,01:46:00,False,False,False,106.0,False,False,106.0,0.0,False,106.0,DEL → HYD,2026-04-20
6F017,IndiGo,CCU,BOM,2026-04-20 15:25:41.701,2026-04-20 18:06:41.701,02:41:00,False,False,False,161.0,False,False,161.0,0.0,False,161.0,CCU → BOM,2026-04-20
6F245,IndiGo,CCU,BOM,2026-04-20 15:25:41.701,2026-04-20 18:06:41.701,02:41:00,False,False,False,161.0,False,False,161.0,0.0,False,161.0,CCU → BOM,2026-04-20
6F180,IndiGo,MAA,BLR,2026-04-20 15:24:41.703,2026-04-20 19:48:41.703,04:24:00,False,False,False,264.0,False,False,264.0,0.0,False,264.0,MAA → BLR,2026-04-20
6F152,IndiGo,CCU,DEL,2026-04-20 15:21:41.703,2026-04-20 17:25:41.703,02:04:00,False,False,False,124.0,False,False,124.0,0.0,False,124.0,CCU → DEL,2026-04-20
SJ034,SpiceJet,MAA,BOM,2026-04-20 15:20:41.701,2026-04-20 20:11:41.701,04:51:00,False,False,False,291.0,False,False,291.0,0.0,False,291.0,MAA → BOM,2026-04-20
SJ142,SpiceJet,CCU,BOM,2026-04-20 15:14:41.702,2026-04-20 16:56:41.702,01:42:00,False,False,False,102.0,False,False,102.0,0.0,False,102.0,CCU → BOM,2026-04-20
UK189,Vistara,BLR,MAA,2026-04-20 15:07:41.703,2026-04-20 18:51:41.703,03:44:00,False,False,False,224.0,False,False,224.0,0.0,False,224.0,BLR → MAA,2026-04-20
SJ044,SpiceJet,DEL,CCU,2026-04-20 15:06:41.701,2026-04-20 17:43:41.701,02:37:00,False,False,False,157.0,False,False,157.0,0.0,False,157.0,DEL → CCU,2026-04-20
SJ196,SpiceJet,DEL,HYD,2026-04-20 14:58:41.703,2026-04-20 17:44:41.703,02:46:00,False,False,False,166.0,False,False,166.0,0.0,False,166.0,DEL → HYD,2026-04-20
6F188,IndiGo,DEL,HYD,2026-04-20 14:57:41.703,2026-04-20 19:39:41.703,04:42:00,False,False,False,282.0,False,False,282.0,0.0,False,282.0,DEL → HYD,2026-04-20
6F181,IndiGo,BOM,MAA,2026-04-20 14:55:41.703,2026-04-20 16:43:41.703,01:48:00,False,False,False,108.0,False,False,108.0,0.0,False,108.0,BOM → MAA,2026-04-20
6F077,IndiGo,CCU,DEL,2026-04-20 14:55:41.702,2026-04-20 19:13:41.702,04:18:00,False,False,False,258.0,False,False,258.0,0.0,False,258.0,CCU → DEL,2026-04-20
SJ154,SpiceJet,BLR,HYD,2026-04-20 14:47:41.702,2026-04-20 16:26:41.702,01:39:00,False,False,False,99.0,False,False,99.0,0.0,False,99.0,BLR → HYD,2026-04-20
AI025,Air India,HYD,DEL,2026-04-20 14:46:41.701,2026-04-20 17:11:41.701,02:25:00,False,False,False,145.0,False,False,145.0,0.0,False,145.0,HYD → DEL,2026-04-20
AI094,Air India,DEL,BLR,2026-04-20 14:44:41.702,2026-04-20 15:44:42.000,01:00:00.298000,False,False,False,60.00496666666666,False,False,60.00496666666666,0.0,False,60.00496666666666,DEL → BLR,2026-04-20
6F191,IndiGo,BLR,DEL,2026-04-20 14:41:41.703,2026-04-20 15:11:41.703,00:30:00,False,False,False,30.0,False,False,30.0,0.0,False,30.0,BLR → DEL,2026-04-20
SJ085,SpiceJet,BLR,MAA,2026-04-20 14:41:41.702,2026-04-20 19:11:41.702,04:30:00,False,False,False,270.0,False,False,270.0,0.0,False,270.0,BLR → MAA,2026-04-20
6F261,UNKNOWN,CCU,DEL,2026-04-20 14:31:41.703,2026-04-20 17:29:41.703,02:58:00,True,True,False,178.0,False,False,178.0,0.0,False,178.0,CCU → DEL,2026-04-20
6F129,IndiGo,DEL,CCU,2026-04-20 14:28:41.702,2026-04-20 16:47:41.702,02:19:00,False,False,False,139.0,False,False,139.0,0.0,False,139.0,DEL → CCU,2026-04-20
6F254,UNKNOWN,MAA,BLR,2026-04-20 14:26:41.703,2026-04-20 18:01:41.703,03:35:00,True,True,False,215.0,False,False,215.0,0.0,False,215.0,MAA → BLR,2026-04-20
SJ185,SpiceJet,BOM,CCU,2026-04-20 14:21:41.703,2026-04-20 15:21:41.703,01:00:00,False,False,False,60.0,False,False,60.0,0.0,False,60.0,BOM → CCU,2026-04-20
6F030,IndiGo,BOM,DEL,2026-04-20 14:20:41.701,2026-04-20 17:10:41.701,02:50:00,False,False,False,170.0,False,False,170.0,0.0,False,170.0,BOM → DEL,2026-04-20
SJ222,SpiceJet,BOM,DEL,2026-04-20 14:15:41.703,2026-04-20 17:09:41.703,02:54:00,False,False,False,174.0,False,False,174.0,0.0,False,174.0,BOM → DEL,2026-04-20
6F259,UNKNOWN,BOM,DEL,2026-04-20 14:10:41.703,2026-04-20 15:21:41.703,01:11:00,True,True,False,71.0,False,False,71.0,0.0,False,71.0,BOM → DEL,2026-04-20
UK083,Vistara,DEL,HYD,2026-04-20 14:10:41.702,2026-04-20 14:59:41.702,00:49:00,False,False,False,49.0,False,False,49.0,0.0,False,49.0,DEL → HYD,2026-04-20
6F051,IndiGo,BLR,BOM,2026-04-20 13:58:41.701,2026-04-20 15:58:41.701,02:00:00,False,False,False,120.0,False,False,120.0,0.0,False,120.0,BLR → BOM,2026-04-20
SJ088,SpiceJet,CCU,MAA,2026-04-20 13:54:41.702,2026-04-20 14:26:41.702,00:32:00,False,False,False,32.0,False,False,32.0,0.0,False,32.0,CCU → MAA,2026-04-20
6F146,IndiGo,HYD,MAA,2026-04-20 13:51:41.703,2026-04-20 15:07:41.703,01:16:00,False,False,False,76.0,False,False,76.0,0.0,False,76.0,HYD → MAA,2026-04-20
6F047,IndiGo,MAA,DEL,2026-04-20 13:50:41.701,2026-04-20 15:55:41.701,02:05:00,False,False,False,125.0,False,False,125.0,0.0,False,125.0,MAA → DEL,2026-04-20
AI077,Air India,CCU,HYD,2026-04-20 13:45:41.702,2026-04-20 14:51:41.702,01:06:00,False,False,False,66.0,False,False,66.0,0.0,False,66.0,CCU → HYD,2026-04-20
UK134,Vistara,HYD,CCU,2026-04-20 13:44:41.702,2026-04-20 17:26:41.702,03:42:00,False,False,False,222.0,False,False,222.0,0.0,False,222.0,HYD → CCU,2026-04-20
AI056,Air India,DEL,MAA,2026-04-20 13:44:41.701,2026-04-20 17:39:41.701,03:55:00,False,False,False,235.0,False,False,235.0,0.0,False,235.0,DEL → MAA,2026-04-20
UK141,UNKNOWN,HYD,MAA,2026-04-20 13:38:41.703,2026-04-20 15:59:41.703,02:21:00,True,True,False,141.0,False,False,141.0,0.0,False,141.0,HYD → MAA,2026-04-20
AI030,Air India,CCU,HYD,2026-04-20 13:33:41.701,2026-04-20 16:52:41.701,03:19:00,False,False,False,199.0,False,False,199.0,0.0,False,199.0,CCU → HYD,2026-04-20
AI029,Air India,MAA,DEL,2026-04-20 13:29:41.701,2026-04-20 17:53:41.701,04:24:00,False,False,False,264.0,False,False,264.0,0.0,False,264.0,MAA → DEL,2026-04-20
SJ167,SpiceJet,MAA,CCU,2026-04-20 13:18:41.703,2026-04-20 14:12:41.703,00:54:00,False,False,False,54.0,False,False,54.0,0.0,False,54.0,MAA → CCU,2026-04-20
UK017,Vistara,BLR,HYD,2026-04-20 13:14:41.701,2026-04-20 14:49:41.701,01:35:00,False,False,False,95.0,False,False,95.0,0.0,False,95.0,BLR → HYD,2026-04-20
6F229,IndiGo,MAA,DEL,2026-04-20 13:10:41.704,2026-04-20 14:30:41.704,01:20:00,False,False,False,80.0,False,False,80.0,0.0,False,80.0,MAA → DEL,2026-04-20
SJ117,SpiceJet,MAA,BLR,2026-04-20 13:10:41.702,2026-04-20 17:06:41.702,03:56:00,False,False,False,236.0,False,False,236.0,0.0,False,236.0,MAA → BLR,2026-04-20
6F184,IndiGo,MAA,BOM,2026-04-20 13:05:41.703,2026-04-20 16:04:41.703,02:59:00,False,False,False,179.0,False,False,179.0,0.0,False,179.0,MAA → BOM,2026-04-20
AI031,Air India,DEL,MAA,2026-04-20 13:05:41.701,2026-04-20 16:11:41.701,03:06:00,False,False,False,186.0,False,False,186.0,0.0,False,186.0,DEL → MAA,2026-04-20
AI178,Air India,CCU,BLR,2026-04-20 13:04:41.703,2026-04-20 14:03:41.703,00:59:00,False,False,False,59.0,False,False,59.0,0.0,False,59.0,CCU → BLR,2026-04-20
SJ089,SpiceJet,HYD,CCU,2026-04-20 12:42:41.702,2026-04-20 17:15:41.702,04:33:00,False,False,False,273.0,False,False,273.0,0.0,False,273.0,HYD → CCU,2026-04-20
UK166,Vistara,HYD,MAA,2026-04-20 12:39:41.703,2026-04-20 17:32:41.703,04:53:00,False,False,False,293.0,False,False,293.0,0.0,False,293.0,HYD → MAA,2026-04-20
UK104,Vistara,DEL,BOM,2026-04-20 12:30:41.702,2026-04-20 13:52:41.702,01:22:00,False,False,False,82.0,False,False,82.0,0.0,False,82.0,DEL → BOM,2026-04-20
6F168,IndiGo,HYD,DEL,2026-04-20 12:18:41.703,2026-04-20 15:58:41.703,03:40:00,False,False,False,220.0,False,False,220.0,0.0,False,220.0,HYD → DEL,2026-04-20
AI222,UNKNOWN,BOM,DEL,2026-04-20 12:10:41.703,2026-04-20 13:14:41.703,01:04:00,False,True,False,64.0,False,False,64.0,0.0,False,64.0,BOM → DEL,2026-04-20
SJ025,SpiceJet,BOM,CCU,2026-04-20 12:02:41.701,2026-04-20 15:29:41.701,03:27:00,False,False,False,207.0,False,False,207.0,0.0,False,207.0,BOM → CCU,2026-04-20
6F255,UNKNOWN,DEL,BOM,2026-04-20 11:59:41.703,2026-04-20 15:33:41.703,03:34:00,True,True,False,214.0,False,False,214.0,0.0,False,214.0,DEL → BOM,2026-04-20
UK228,Vistara,DEL,MAA,2026-04-20 11:58:41.704,2026-04-20 15:08:41.704,03:10:00,False,False,False,190.0,False,False,190.0,0.0,False,190.0,DEL → MAA,2026-04-20
6F158,IndiGo,CCU,MAA,2026-04-20 11:58:41.703,2026-04-20 16:04:41.703,04:06:00,False,False,False,246.0,False,False,246.0,0.0,False,246.0,CCU → MAA,2026-04-20
SJ218,SpiceJet,DEL,HYD,2026-04-20 11:58:41.703,2026-04-20 15:03:41.703,03:05:00,False,False,False,185.0,False,False,185.0,0.0,False,185.0,DEL → HYD,2026-04-20
6F034,IndiGo,BOM,DEL,2026-04-20 11:53:41.701,2026-04-20 12:49:41.701,00:56:00,False,False,False,56.0,False,False,56.0,0.0,False,56.0,BOM → DEL,2026-04-20
UK156,Vistara,MAA,BLR,2026-04-20 11:50:41.703,2026-04-20 15:54:41.703,04:04:00,False,False,False,244.0,False,False,244.0,0.0,False,244.0,MAA → BLR,2026-04-20
6F105,IndiGo,BLR,BOM,2026-04-20 11:46:41.702,2026-04-20 12:58:41.702,01:12:00,False,False,False,72.0,False,False,72.0,0.0,False,72.0,BLR → BOM,2026-04-20
6F073,IndiGo,DEL,CCU,2026-04-20 11:38:41.702,2026-04-20 15:18:41.702,03:40:00,False,False,False,220.0,False,False,220.0,0.0,False,220.0,DEL → CCU,2026-04-20
SJ074,SpiceJet,DEL,CCU,2026-04-20 11:21:41.701,2026-04-20 12:02:41.701,00:41:00,False,False,False,41.0,False,False,41.0,0.0,False,41.0,DEL → CCU,2026-04-20
6F234,IndiGo,BOM,DEL,2026-04-20 11:20:41.704,2026-04-20 14:11:41.704,02:51:00,False,False,False,171.0,False,False,171.0,0.0,False,171.0,BOM → DEL,2026-04-20
6F068,IndiGo,BLR,HYD,2026-04-20 11:17:41.701,2026-04-20 15:06:41.701,03:49:00,False,False,False,229.0,False,False,229.0,0.0,False,229.0,BLR → HYD,2026-04-20
6F074,IndiGo,HYD,BOM,2026-04-20 11:09:41.702,2026-04-20 14:29:41.702,03:20:00,False,False,False,200.0,False,False,200.0,0.0,False,200.0,HYD → BOM,2026-04-20
AI038,Air India,HYD,MAA,2026-04-20 11:05:41.701,2026-04-20 15:44:41.701,04:39:00,False,False,False,279.0,False,False,279.0,0.0,False,279.0,HYD → MAA,2026-04-20
AI079,Air India,CCU,BLR,2026-04-20 11:04:41.702,2026-04-20 13:19:41.702,02:15:00,False,False,False,135.0,False,False,135.0,0.0,False,135.0,CCU → BLR,2026-04-20
SJ018,SpiceJet,BOM,CCU,2026-04-20 10:58:41.701,2026-04-20 13:31:41.701,02:33:00,False,False,False,153.0,False,False,153.0,0.0,False,153.0,BOM → CCU,2026-04-20
6F018,IndiGo,DEL,BLR,2026-04-20 10:57:41.701,2026-04-20 11:43:41.701,00:46:00,False,False,False,46.0,False,False,46.0,0.0,False,46.0,DEL → BLR,2026-04-20
AI091,Air India,CCU,MAA,2026-04-20 10:52:41.702,2026-04-20 15:15:41.702,04:23:00,False,False,False,263.0,False,False,263.0,0.0,False,263.0,CCU → MAA,2026-04-20
UK071,Vistara,DEL,HYD,2026-04-20 10:50:41.701,2026-04-20 14:06:41.701,03:16:00,False,False,False,196.0,False,False,196.0,0.0,False,196.0,DEL → HYD,2026-04-20
AI019,Air India,BOM,CCU,2026-04-20 10:49:41.701,2026-04-20 11:51:41.701,01:02:00,False,False,False,62.0,False,False,62.0,0.0,False,62.0,BOM → CCU,2026-04-20
UK212,Vistara,HYD,MAA,2026-04-20 10:46:41.704,2026-04-20 11:31:41.704,00:45:00,False,False,False,45.0,False,False,45.0,0.0,False,45.0,HYD → MAA,2026-04-20
AI146,Air India,BLR,DEL,2026-04-20 10:40:41.702,2026-04-20 13:46:41.702,03:06:00,False,False,False,186.0,False,False,186.0,0.0,False,186.0,BLR → DEL,2026-04-20
6F232,IndiGo,MAA,BLR,2026-04-20 10:39:41.704,2026-04-20 12:22:41.704,01:43:00,False,False,False,103.0,False,False,103.0,0.0,False,103.0,MAA → BLR,2026-04-20
6F084,IndiGo,CCU,HYD,2026-04-20 10:34:41.702,2026-04-20 11:34:42.000,01:00:00.298000,False,False,False,60.00496666666666,False,False,60.00496666666666,0.0,False,60.00496666666666,CCU → HYD,2026-04-20
AI129,Air India,BOM,CCU,2026-04-20 10:29:41.702,2026-04-20 13:38:41.702,03:09:00,False,False,False,189.0,False,False,189.0,0.0,False,189.0,BOM → CCU,2026-04-20
AI240,Air India,MAA,DEL,2026-04-20 10:19:41.704,2026-04-20 12:46:41.704,02:27:00,False,False,False,147.0,False,False,147.0,0.0,False,147.0,MAA → DEL,2026-04-20
6F091,IndiGo,BLR,CCU,2026-04-20 10:10:41.702,2026-04-20 11:36:41.702,01:26:00,False,False,False,86.0,False,False,86.0,0.0,False,86.0,BLR → CCU,2026-04-20
UK133,Vistara,BOM,DEL,2026-04-20 10:04:41.702,2026-04-20 13:16:41.702,03:12:00,False,False,False,192.0,False,False,192.0,0.0,False,192.0,BOM → DEL,2026-04-20
SJ007,SpiceJet,BOM,CCU,2026-04-20 10:03:41.701,2026-04-20 14:53:41.701,04:50:00,False,False,False,290.0,False,False,290.0,0.0,False,290.0,BOM → CCU,2026-04-20
SJ141,SpiceJet,CCU,DEL,2026-04-20 10:00:41.702,2026-04-20 13:37:41.702,03:37:00,False,False,False,217.0,False,False,217.0,0.0,False,217.0,CCU → DEL,2026-04-20
6F049,IndiGo,HYD,DEL,2026-04-20 10:00:41.701,2026-04-20 13:13:41.701,03:13:00,False,False,False,193.0,False,False,193.0,0.0,False,193.0,HYD → DEL,2026-04-20
SJ235,SpiceJet,BOM,DEL,2026-04-20 09:57:41.704,2026-04-20 13:45:41.704,03:48:00,False,False,False,228.0,False,False,228.0,0.0,False,228.0,BOM → DEL,2026-04-20
UK087,Vistara,HYD,MAA,2026-04-20 09:49:41.702,2026-04-20 13:17:41.702,03:28:00,False,False,False,208.0,False,False,208.0,0.0,False,208.0,HYD → MAA,2026-04-20
UK170,Vistara,BOM,BLR,2026-04-20 09:42:41.703,2026-04-20 11:32:41.703,01:50:00,False,False,False,110.0,False,False,110.0,0.0,False,110.0,BOM → BLR,2026-04-20
SJ078,SpiceJet,DEL,HYD,2026-04-20 09:41:41.701,2026-04-20 12:49:41.701,03:08:00,False,False,False,188.0,False,False,188.0,0.0,False,188.0,DEL → HYD,2026-04-20
SJ075,SpiceJet,MAA,BLR,2026-04-20 09:26:41.701,2026-04-20 11:03:41.701,01:37:00,False,False,False,97.0,False,False,97.0,0.0,False,97.0,MAA → BLR,2026-04-20
AI159,Air India,HYD,BLR,2026-04-20 09:23:41.703,2026-04-20 11:36:41.703,02:13:00,False,False,False,133.0,False,False,133.0,0.0,False,133.0,HYD → BLR,2026-04-20
UK120,Vistara,HYD,DEL,2026-04-20 09:19:41.702,2026-04-20 13:30:41.702,04:11:00,False,False,False,251.0,False,False,251.0,0.0,False,251.0,HYD → DEL,2026-04-20
AI059,Air India,CCU,DEL,2026-04-20 09:16:41.701,2026-04-20 11:43:41.701,02:27:00,False,False,False,147.0,False,False,147.0,0.0,False,147.0,CCU → DEL,2026-04-20
UK040,Vistara,HYD,CCU,2026-04-20 09:15:41.701,2026-04-20 10:32:41.701,01:17:00,False,False,False,77.0,False,False,77.0,0.0,False,77.0,HYD → CCU,2026-04-20
AI044,UNKNOWN,MAA,BLR,2026-04-20 09:03:41.701,2026-04-20 12:36:41.701,03:33:00,False,True,False,213.0,False,False,213.0,0.0,False,213.0,MAA → BLR,2026-04-20
AI078,Air India,DEL,BOM,2026-04-20 08:58:41.702,2026-04-20 13:28:41.702,04:30:00,False,False,False,270.0,False,False,270.0,0.0,False,270.0,DEL → BOM,2026-04-20
SJ226,SpiceJet,HYD,BOM,2026-04-20 08:47:41.704,2026-04-20 12:54:41.704,04:07:00,False,False,False,247.0,False,False,247.0,0.0,False,247.0,HYD → BOM,2026-04-20
6F209,IndiGo,MAA,CCU,2026-04-20 08:40:41.703,2026-04-20 13:40:41.703,05:00:00,False,False,False,300.0,False,False,300.0,0.0,False,300.0,MAA → CCU,2026-04-20
UK193,Vistara,HYD,DEL,2026-04-20 08:39:41.703,2026-04-20 09:14:41.703,00:35:00,False,False,False,35.0,False,False,35.0,0.0,False,35.0,HYD → DEL,2026-04-20
6F092,IndiGo,MAA,BLR,2026-04-20 08:39:41.702,2026-04-20 09:15:41.702,00:36:00,False,False,False,36.0,False,False,36.0,0.0,False,36.0,MAA → BLR,2026-04-20
AI208,Air India,BLR,BOM,2026-04-20 08:38:41.703,2026-04-20 11:52:41.703,03:14:00,False,False,False,194.0,False,False,194.0,0.0,False,194.0,BLR → BOM,2026-04-20
SJ227,SpiceJet,BOM,CCU,2026-04-20 08:32:41.704,2026-04-20 12:53:41.704,04:21:00,False,False,False,261.0,False,False,261.0,0.0,False,261.0,BOM → CCU,2026-04-20
6F238,IndiGo,BOM,DEL,2026-04-20 08:31:41.704,2026-04-20 09:19:41.704,00:48:00,False,False,False,48.0,False,False,48.0,0.0,False,48.0,BOM → DEL,2026-04-20
AI084,Air India,BOM,HYD,2026-04-20 08:31:41.702,2026-04-20 09:46:41.702,01:15:00,False,False,False,75.0,False,False,75.0,0.0,False,75.0,BOM → HYD,2026-04-20
SJ228,SpiceJet,BOM,CCU,2026-04-20 08:29:41.704,2026-04-20 12:16:41.704,03:47:00,False,False,False,227.0,False,False,227.0,0.0,False,227.0,BOM → CCU,2026-04-20
UK194,Vistara,CCU,BOM,2026-04-20 08:26:41.703,2026-04-20 09:26:42.000,01:00:00.297000,False,False,False,60.00495,False,False,60.00495,0.0,False,60.00495,CCU → BOM,2026-04-20
6F126,IndiGo,CCU,MAA,2026-04-20 08:21:41.702,2026-04-20 09:39:41.702,01:18:00,False,False,False,78.0,False,False,78.0,0.0,False,78.0,CCU → MAA,2026-04-20
SJ052,SpiceJet,MAA,BLR,2026-04-20 08:20:41.701,2026-04-20 09:57:41.701,01:37:00,False,False,False,97.0,False,False,97.0,0.0,False,97.0,MAA → BLR,2026-04-20
AI233,Air India,BLR,BOM,2026-04-20 08:04:41.704,2026-04-20 09:52:41.704,01:48:00,False,False,False,108.0,False,False,108.0,0.0,False,108.0,BLR → BOM,2026-04-20
AI213,Air India,HYD,CCU,2026-04-20 08:03:41.703,2026-04-20 09:14:41.703,01:11:00,False,False,False,71.0,False,False,71.0,0.0,False,71.0,HYD → CCU,2026-04-20
UK076,Vistara,MAA,CCU,2026-04-20 08:03:41.702,2026-04-20 12:26:41.702,04:23:00,False,False,False,263.0,False,False,263.0,0.0,False,263.0,MAA → CCU,2026-04-20
SJ022,SpiceJet,DEL,BLR,2026-04-20 07:56:41.701,2026-04-20 11:07:41.701,03:11:00,False,False,False,191.0,False,False,191.0,0.0,False,191.0,DEL → BLR,2026-04-20
SJ002,SpiceJet,DEL,BOM,2026-04-20 07:54:41.701,2026-04-20 12:40:41.701,04:46:00,False,False,False,286.0,False,False,286.0,0.0,False,286.0,DEL → BOM,2026-04-20
AI163,Air India,HYD,MAA,2026-04-20 07:45:41.703,2026-04-20 08:46:41.703,01:01:00,False,False,False,61.0,False,False,61.0,0.0,False,61.0,HYD → MAA,2026-04-20
UK229,UNKNOWN,HYD,DEL,2026-04-20 07:40:41.704,2026-04-20 11:57:41.704,04:17:00,False,True,False,257.0,False,False,257.0,0.0,False,257.0,HYD → DEL,2026-04-20
UK185,Vistara,DEL,MAA,2026-04-20 07:31:41.703,2026-04-20 08:48:41.703,01:17:00,False,False,False,77.0,False,False,77.0,0.0,False,77.0,DEL → MAA,2026-04-20
6F029,IndiGo,BOM,BLR,2026-04-20 07:31:41.701,2026-04-20 11:45:41.701,04:14:00,False,False,False,254.0,False,False,254.0,0.0,False,254.0,BOM → BLR,2026-04-20
6F056,IndiGo,BOM,MAA,2026-04-20 07:00:41.701,2026-04-20 08:49:41.701,01:49:00,False,False,False,109.0,False,False,109.0,0.0,False,109.0,BOM → MAA,2026-04-20
AI062,Air India,MAA,DEL,2026-04-20 06:49:41.701,2026-04-20 07:25:41.701,00:36:00,False,False,False,36.0,False,False,36.0,0.0,False,36.0,MAA → DEL,2026-04-20
UK034,Vistara,DEL,BLR,2026-04-20 06:47:41.701,2026-04-20 10:11:41.701,03:24:00,False,False,False,204.0,False,False,204.0,0.0,False,204.0,DEL → BLR,2026-04-20
UK079,Vistara,DEL,BLR,2026-04-20 06:43:41.702,2026-04-20 10:34:41.702,03:51:00,False,False,False,231.0,False,False,231.0,0.0,False,231.0,DEL → BLR,2026-04-20
AI135,Air India,BLR,BOM,2026-04-20 06:40:41.702,2026-04-20 09:21:41.702,02:41:00,False,False,False,161.0,False,False,161.0,0.0,False,161.0,BLR → BOM,2026-04-20
SJ061,SpiceJet,MAA,BLR,2026-04-20 06:38:41.701,2026-04-20 09:35:41.701,02:57:00,False,False,False,177.0,False,False,177.0,0.0,False,177.0,MAA → BLR,2026-04-20
AI047,UNKNOWN,CCU,MAA,2026-04-20 06:36:41.701,2026-04-20 07:23:41.701,00:47:00,True,True,False,47.0,False,False,47.0,0.0,False,47.0,CCU → MAA,2026-04-20
UK210,Vistara,DEL,CCU,2026-04-20 06:35:41.704,2026-04-20 07:30:41.704,00:55:00,False,False,False,55.0,False,False,55.0,0.0,False,55.0,DEL → CCU,2026-04-20
AI088,UNKNOWN,MAA,DEL,2026-04-20 06:34:41.702,2026-04-20 10:10:41.702,03:36:00,False,True,False,216.0,False,False,216.0,0.0,False,216.0,MAA → DEL,2026-04-20
UK177,Vistara,DEL,HYD,2026-04-20 06:21:41.703,2026-04-20 10:50:41.703,04:29:00,False,False,False,269.0,False,False,269.0,0.0,False,269.0,DEL → HYD,2026-04-20
AI128,UNKNOWN,BOM,CCU,2026-04-20 06:07:41.702,2026-04-20 10:03:41.702,03:56:00,True,True,False,236.0,False,False,236.0,0.0,False,236.0,BOM → CCU,2026-04-20
AI158,Air India,CCU,DEL,2026-04-20 06:04:41.703,2026-04-20 09:01:41.703,02:57:00,False,False,False,177.0,False,False,177.0,0.0,False,177.0,CCU → DEL,2026-04-20
UK206,Vistara,MAA,BLR,2026-04-20 06:01:41.703,2026-04-20 10:34:41.703,04:33:00,False,False,False,273.0,False,False,273.0,0.0,False,273.0,MAA → BLR,2026-04-20
SJ138,UNKNOWN,BLR,BOM,2026-04-20 05:55:41.702,2026-04-20 06:43:41.702,00:48:00,True,True,False,48.0,False,False,48.0,0.0,False,48.0,BLR → BOM,2026-04-20
AI034,Air India,DEL,BOM,2026-04-20 05:48:41.701,2026-04-20 10:31:41.701,04:43:00,False,False,False,283.0,False,False,283.0,0.0,False,283.0,DEL → BOM,2026-04-20
AI012,Air India,BOM,CCU,2026-04-20 05:44:41.701,2026-04-20 09:47:41.701,04:03:00,False,False,False,243.0,False,False,243.0,0.0,False,243.0,BOM → CCU,2026-04-20
6F083,IndiGo,BLR,DEL,2026-04-20 05:24:41.702,2026-04-20 06:03:41.702,00:39:00,False,False,False,39.0,False,False,39.0,0.0,False,39.0,BLR → DEL,2026-04-20
SJ083,SpiceJet,MAA,BLR,2026-04-20 05:13:41.702,2026-04-20 08:17:41.702,03:04:00,False,False,False,184.0,False,False,184.0,0.0,False,184.0,MAA → BLR,2026-04-20
SJ186,SpiceJet,CCU,DEL,2026-04-20 05:11:41.703,2026-04-20 07:22:41.703,02:11:00,False,False,False,131.0,False,False,131.0,0.0,False,131.0,CCU → DEL,2026-04-20
UK001,Vistara,CCU,DEL,2026-04-20 05:06:41.700,2026-04-20 06:31:41.700,01:25:00,False,False,False,85.0,False,False,85.0,0.0,False,85.0,CCU → DEL,2026-04-20
AI217,Air India,CCU,BLR,2026-04-20 04:57:41.703,2026-04-20 07:14:41.703,02:17:00,False,False,False,137.0,False,False,137.0,0.0,False,137.0,CCU → BLR,2026-04-20
6F178,IndiGo,BOM,CCU,2026-04-20 04:48:41.703,2026-04-20 09:11:41.703,04:23:00,False,False,False,263.0,False,False,263.0,0.0,False,263.0,BOM → CCU,2026-04-20
UK015,Vistara,BLR,BOM,2026-04-20 04:46:41.701,2026-04-20 06:33:41.701,01:47:00,False,False,False,107.0,False,False,107.0,0.0,False,107.0,BLR → BOM,2026-04-20
AI112,Air India,DEL,BLR,2026-04-20 04:41:41.702,2026-04-20 08:24:41.702,03:43:00,False,False,False,223.0,False,False,223.0,0.0,False,223.0,DEL → BLR,2026-04-20
UK100,Vistara,CCU,BLR,2026-04-20 04:40:41.702,2026-04-20 07:12:41.702,02:32:00,False,False,False,152.0,False,False,152.0,0.0,False,152.0,CCU → BLR,2026-04-20
6F133,IndiGo,MAA,BLR,2026-04-20 04:38:41.702,2026-04-20 06:25:41.702,01:47:00,False,False,False,107.0,False,False,107.0,0.0,False,107.0,MAA → BLR,2026-04-20
AI227,Air India,BLR,MAA,2026-04-20 04:31:41.703,2026-04-20 08:17:41.703,03:46:00,False,False,False,226.0,False,False,226.0,0.0,False,226.0,BLR → MAA,2026-04-20
UK093,Vistara,HYD,CCU,2026-04-20 04:31:41.702,2026-04-20 05:21:41.702,00:50:00,False,False,False,50.0,False,False,50.0,0.0,False,50.0,HYD → CCU,2026-04-20
UK203,Vistara,BLR,HYD,2026-04-20 04:12:41.703,2026-04-20 05:24:41.703,01:12:00,False,False,False,72.0,False,False,72.0,0.0,False,72.0,BLR → HYD,2026-04-20
UK154,Vistara,MAA,HYD,2026-04-20 04:00:41.703,2026-04-20 07:57:41.703,03:57:00,False,False,False,237.0,False,False,237.0,0.0,False,237.0,MAA → HYD,2026-04-20
UK073,Vistara,BLR,CCU,2026-04-20 03:59:41.702,2026-04-20 08:09:41.702,04:10:00,False,False,False,250.0,False,False,250.0,0.0,False,250.0,BLR → CCU,2026-04-20
AI164,Air India,DEL,BLR,2026-04-20 03:57:41.703,2026-04-20 05:45:41.703,01:48:00,False,False,False,108.0,False,False,108.0,0.0,False,108.0,DEL → BLR,2026-04-20
UK008,Vistara,CCU,BLR,2026-04-20 03:57:41.701,2026-04-20 04:34:41.701,00:37:00,False,False,False,37.0,False,False,37.0,0.0,False,37.0,CCU → BLR,2026-04-20
UK051,Vistara,HYD,DEL,2026-04-20 03:55:41.701,2026-04-20 06:55:41.701,03:00:00,False,False,False,180.0,False,False,180.0,0.0,False,180.0,HYD → DEL,2026-04-20
UK208,Vistara,DEL,CCU,2026-04-20 03:54:41.704,2026-04-20 08:51:41.704,04:57:00,False,False,False,297.0,False,False,297.0,0.0,False,297.0,DEL → CCU,2026-04-20
AI150,Air India,BOM,DEL,2026-04-20 03:51:41.703,2026-04-20 04:38:41.703,00:47:00,False,False,False,47.0,False,False,47.0,0.0,False,47.0,BOM → DEL,2026-04-20
AI189,Air India,CCU,DEL,2026-04-20 03:44:41.703,2026-04-20 05:32:41.703,01:48:00,False,False,False,108.0,False,False,108.0,0.0,False,108.0,CCU → DEL,2026-04-20
6F230,IndiGo,CCU,BLR,2026-04-20 03:34:41.704,2026-04-20 06:47:41.704,03:13:00,False,False,False,193.0,False,False,193.0,0.0,False,193.0,CCU → BLR,2026-04-20
6F169,IndiGo,BOM,DEL,2026-04-20 03:27:41.703,2026-04-20 08:06:41.703,04:39:00,False,False,False,279.0,False,False,279.0,0.0,False,279.0,BOM → DEL,2026-04-20
AI205,Air India,BLR,BOM,2026-04-20 03:26:41.703,2026-04-20 05:14:41.703,01:48:00,False,False,False,108.0,False,False,108.0,0.0,False,108.0,BLR → BOM,2026-04-20
AI103,Air India,BLR,BOM,2026-04-20 03:26:41.702,2026-04-20 04:04:41.702,00:38:00,False,False,False,38.0,False,False,38.0,0.0,False,38.0,BLR → BOM,2026-04-20
6F250,UNKNOWN,DEL,BLR,2026-04-20 03:26:41.701,2026-04-20 07:30:41.701,04:04:00,False,True,False,244.0,False,False,244.0,0.0,False,244.0,DEL → BLR,2026-04-20
AI246,Air India,BOM,BLR,2026-04-20 03:22:41.704,2026-04-20 06:41:41.704,03:19:00,False,False,False,199.0,False,False,199.0,0.0,False,199.0,BOM → BLR,2026-04-20
6F187,IndiGo,BOM,MAA,2026-04-20 03:19:41.703,2026-04-20 07:37:41.703,04:18:00,False,False,False,258.0,False,False,258.0,0.0,False,258.0,BOM → MAA,2026-04-20
AI082,Air India,DEL,CCU,2026-04-20 03:19:41.702,2026-04-20 06:01:41.702,02:42:00,False,False,False,162.0,False,False,162.0,0.0,False,162.0,DEL → CCU,2026-04-20
UK116,Vistara,CCU,BOM,2026-04-20 03:18:41.702,2026-04-20 07:06:41.702,03:48:00,False,False,False,228.0,False,False,228.0,0.0,False,228.0,CCU → BOM,2026-04-20
SJ169,SpiceJet,BOM,MAA,2026-04-20 03:10:41.703,2026-04-20 07:56:41.703,04:46:00,False,False,False,286.0,False,False,286.0,0.0,False,286.0,BOM → MAA,2026-04-20
AI175,Air India,BOM,HYD,2026-04-20 03:08:41.703,2026-04-20 06:55:41.703,03:47:00,False,False,False,227.0,False,False,227.0,0.0,False,227.0,BOM → HYD,2026-04-20
SJ098,SpiceJet,HYD,MAA,2026-04-20 03:02:41.702,2026-04-20 03:37:41.702,00:35:00,False,False,False,35.0,False,False,35.0,0.0,False,35.0,HYD → MAA,2026-04-20
SJ191,SpiceJet,BLR,BOM,2026-04-20 03:01:41.703,2026-04-20 04:23:41.703,01:22:00,False,False,False,82.0,False,False,82.0,0.0,False,82.0,BLR → BOM,2026-04-20
SJ017,SpiceJet,DEL,MAA,2026-04-20 02:57:41.701,2026-04-20 05:00:41.701,02:03:00,False,False,False,123.0,False,False,123.0,0.0,False,123.0,DEL → MAA,2026-04-20
UK188,Vistara,MAA,BLR,2026-04-20 02:55:41.703,2026-04-20 03:44:41.703,00:49:00,False,False,False,49.0,False,False,49.0,0.0,False,49.0,MAA → BLR,2026-04-20
AI196,Air India,MAA,HYD,2026-04-20 02:52:41.703,2026-04-20 04:25:41.703,01:33:00,False,False,False,93.0,False,False,93.0,0.0,False,93.0,MAA → HYD,2026-04-20
AI068,Air India,BOM,BLR,2026-04-20 02:48:41.702,2026-04-20 04:48:42.000,02:00:00.298000,False,False,False,120.00496666666666,False,False,120.00496666666666,0.0,False,120.00496666666666,BOM → BLR,2026-04-20
SJ097,SpiceJet,BOM,CCU,2026-04-20 02:37:41.702,2026-04-20 05:27:41.702,02:50:00,False,False,False,170.0,False,False,170.0,0.0,False,170.0,BOM → CCU,2026-04-20
SJ030,SpiceJet,DEL,HYD,2026-04-20 02:36:41.701,2026-04-20 03:19:41.701,00:43:00,False,False,False,43.0,False,False,43.0,0.0,False,43.0,DEL → HYD,2026-04-20
6F179,IndiGo,HYD,MAA,2026-04-20 02:25:41.703,2026-04-20 06:40:41.703,04:15:00,False,False,False,255.0,False,False,255.0,0.0,False,255.0,HYD → MAA,2026-04-20
6F156,IndiGo,MAA,BOM,2026-04-20 02:23:41.703,2026-04-20 04:57:41.703,02:34:00,False,False,False,154.0,False,False,154.0,0.0,False,154.0,MAA → BOM,2026-04-20
6F250,UNKNOWN,CCU,BLR,2026-04-20 02:23:41.702,2026-04-20 02:56:41.702,00:33:00,False,True,False,33.0,False,False,33.0,0.0,False,33.0,CCU → BLR,2026-04-20
SJ057,SpiceJet,BOM,CCU,2026-04-20 02:17:41.701,2026-04-20 05:29:41.701,03:12:00,False,False,False,192.0,False,False,192.0,0.0,False,192.0,BOM → CCU,2026-04-20
6F036,IndiGo,CCU,BLR,2026-04-20 02:14:41.701,2026-04-20 06:57:41.701,04:43:00,False,False,False,283.0,False,False,283.0,0.0,False,283.0,CCU → BLR,2026-04-20
6F201,IndiGo,CCU,BOM,2026-04-20 02:09:41.703,2026-04-20 06:49:41.703,04:40:00,False,False,False,280.0,False,False,280.0,0.0,False,280.0,CCU → BOM,2026-04-20
6F143,IndiGo,CCU,DEL,2026-04-20 02:09:41.702,2026-04-20 06:08:41.702,03:59:00,False,False,False,239.0,False,False,239.0,0.0,False,239.0,CCU → DEL,2026-04-20
6F177,IndiGo,HYD,MAA,2026-04-20 02:03:41.703,2026-04-20 04:25:41.703,02:22:00,False,False,False,142.0,False,False,142.0,0.0,False,142.0,HYD → MAA,2026-04-20
6F031,IndiGo,BOM,BLR,2026-04-20 02:00:41.701,2026-04-20 06:37:41.701,04:37:00,False,False,False,277.0,False,False,277.0,0.0,False,277.0,BOM → BLR,2026-04-20
UK165,Vistara,DEL,BLR,2026-04-20 01:51:41.703,2026-04-20 06:04:41.703,04:13:00,False,False,False,253.0,False,False,253.0,0.0,False,253.0,DEL → BLR,2026-04-20
6F122,IndiGo,DEL,BLR,2026-04-20 01:44:41.702,2026-04-20 05:28:41.702,03:44:00,False,False,False,224.0,False,False,224.0,0.0,False,224.0,DEL → BLR,2026-04-20
AI009,UNKNOWN,DEL,CCU,2026-04-20 01:31:41.701,2026-04-20 04:05:41.701,02:34:00,True,True,False,154.0,False,False,154.0,0.0,False,154.0,DEL → CCU,2026-04-20
6F046,IndiGo,DEL,BLR,2026-04-20 01:27:41.701,2026-04-20 05:08:41.701,03:41:00,False,False,False,221.0,False,False,221.0,0.0,False,221.0,DEL → BLR,2026-04-20
AI051,Air India,MAA,BLR,2026-04-20 01:27:41.701,2026-04-20 02:22:41.701,00:55:00,False,False,False,55.0,False,False,55.0,0.0,False,55.0,MAA → BLR,2026-04-20
UK222,Vistara,BOM,CCU,2026-04-20 01:22:41.704,2026-04-20 02:57:41.704,01:35:00,False,False,False,95.0,False,False,95.0,0.0,False,95.0,BOM → CCU,2026-04-20
SJ127,SpiceJet,BOM,DEL,2026-04-20 01:21:41.702,2026-04-20 03:58:41.702,02:37:00,False,False,False,157.0,False,False,157.0,0.0,False,157.0,BOM → DEL,2026-04-20
AI226,UNKNOWN,BLR,HYD,2026-04-20 01:19:41.703,2026-04-20 04:08:41.703,02:49:00,True,True,False,169.0,False,False,169.0,0.0,False,169.0,BLR → HYD,2026-04-20
AI216,Air India,BOM,CCU,2026-04-20 01:10:41.703,2026-04-20 02:34:41.703,01:24:00,False,False,False,84.0,False,False,84.0,0.0,False,84.0,BOM → CCU,2026-04-20
6F058,IndiGo,BOM,CCU,2026-04-20 01:04:41.701,2026-04-20 03:33:41.701,02:29:00,False,False,False,149.0,False,False,149.0,0.0,False,149.0,BOM → CCU,2026-04-20
SJ207,SpiceJet,DEL,CCU,2026-04-20 00:52:41.703,2026-04-20 04:05:41.703,03:13:00,False,False,False,193.0,False,False,193.0,0.0,False,193.0,DEL → CCU,2026-04-20
SJ198,SpiceJet,CCU,BOM,2026-04-20 00:47:41.703,2026-04-20 05:28:41.703,04:41:00,False,False,False,281.0,False,False,281.0,0.0,False,281.0,CCU → BOM,2026-04-20
SJ108,SpiceJet,BLR,HYD,2026-04-20 00:40:41.702,2026-04-20 03:16:41.702,02:36:00,False,False,False,156.0,False,False,156.0,0.0,False,156.0,BLR → HYD,2026-04-20
SJ155,SpiceJet,DEL,CCU,2026-04-20 00:38:41.702,2026-04-20 05:38:41.702,05:00:00,False,False,False,300.0,False,False,300.0,0.0,False,300.0,DEL → CCU,2026-04-20
6F193,IndiGo,BOM,MAA,2026-04-20 00:34:41.703,2026-04-20 02:32:41.703,01:58:00,False,False,False,118.0,False,False,118.0,0.0,False,118.0,BOM → MAA,2026-04-20
6F019,IndiGo,BLR,BOM,2026-04-20 00:19:41.701,2026-04-20 04:14:41.701,03:55:00,False,False,False,235.0,False,False,235.0,0.0,False,235.0,BLR → BOM,2026-04-20
AI102,Air India,CCU,BLR,2026-04-20 00:17:41.702,2026-04-20 05:08:41.702,04:51:00,False,False,False,291.0,False,False,291.0,0.0,False,291.0,CCU → BLR,2026-04-20
6F166,IndiGo,BOM,CCU,2026-04-20 00:03:41.703,2026-04-20 04:33:41.703,04:30:00,False,False,False,270.0,False,False,270.0,0.0,False,270.0,BOM → CCU,2026-04-20
UK175,Vistara,BLR,BOM,2026-04-19 23:56:41.703,2026-04-20 03:18:41.703,03:22:00,False,False,False,202.0,False,True,202.0,0.0,False,202.0,BLR → BOM,2026-04-19
6F010,IndiGo,DEL,BLR,2026-04-19 23:53:41.701,2026-04-20 03:44:41.701,03:51:00,False,False,False,231.0,False,True,231.0,0.0,False,231.0,DEL → BLR,2026-04-19
AI234,Air India,BOM,MAA,2026-04-19 23:50:41.704,2026-04-20 01:34:41.704,01:44:00,False,False,False,104.0,False,True,104.0,0.0,False,104.0,BOM → MAA,2026-04-19
UK135,Vistara,HYD,DEL,2026-04-19 23:50:41.702,2026-04-20 01:43:41.702,01:53:00,False,False,False,113.0,False,True,113.0,0.0,False,113.0,HYD → DEL,2026-04-19
6F272,UNKNOWN,HYD,MAA,2026-04-19 23:35:41.702,2026-04-20 00:22:41.702,00:47:00,True,True,False,47.0,False,True,47.0,0.0,False,47.0,HYD → MAA,2026-04-19
AI061,Air India,BOM,CCU,2026-04-19 23:31:41.701,2026-04-20 01:02:41.701,01:31:00,False,False,False,91.0,False,True,91.0,0.0,False,91.0,BOM → CCU,2026-04-19
6F070,IndiGo,HYD,DEL,2026-04-19 23:23:41.701,2026-04-20 02:24:41.701,03:01:00,False,False,False,181.0,False,True,181.0,0.0,False,181.0,HYD → DEL,2026-04-19
AI015,Air India,BLR,CCU,2026-04-19 23:21:41.701,2026-04-20 01:15:41.701,01:54:00,False,False,False,114.0,False,True,114.0,0.0,False,114.0,BLR → CCU,2026-04-19
SJ076,SpiceJet,DEL,MAA,2026-04-19 23:01:41.701,2026-04-20 02:02:41.701,03:01:00,False,False,False,181.0,False,True,181.0,0.0,False,181.0,DEL → MAA,2026-04-19
SJ029,UNKNOWN,HYD,DEL,2026-04-19 22:55:41.701,2026-04-20 00:22:41.701,01:27:00,False,True,False,87.0,False,True,87.0,0.0,False,87.0,HYD → DEL,2026-04-19
SJ194,SpiceJet,CCU,DEL,2026-04-19 22:46:41.703,2026-04-20 02:31:41.703,03:45:00,False,False,False,225.0,False,True,225.0,0.0,False,225.0,CCU → DEL,2026-04-19
AI235,Air India,BLR,HYD,2026-04-19 22:45:41.704,2026-04-20 02:12:41.704,03:27:00,False,False,False,207.0,False,True,207.0,0.0,False,207.0,BLR → HYD,2026-04-19
SJ048,SpiceJet,MAA,BLR,2026-04-19 22:43:41.701,2026-04-20 00:19:41.701,01:36:00,False,False,False,96.0,False,True,96.0,0.0,False,96.0,MAA → BLR,2026-04-19
SJ114,SpiceJet,HYD,DEL,2026-04-19 22:42:41.702,2026-04-20 02:02:41.702,03:20:00,False,False,False,200.0,False,True,200.0,0.0,False,200.0,HYD → DEL,2026-04-19
SJ146,SpiceJet,HYD,BLR,2026-04-19 22:37:41.702,2026-04-20 00:33:41.702,01:56:00,False,False,False,116.0,False,True,116.0,0.0,False,116.0,HYD → BLR,2026-04-19
UK041,Vistara,HYD,MAA,2026-04-19 22:37:41.701,2026-04-19 23:44:41.701,01:07:00,False,False,False,67.0,False,False,67.0,0.0,False,67.0,HYD → MAA,2026-04-19
6F075,IndiGo,BOM,CCU,2026-04-19 22:20:41.702,2026-04-20 03:02:41.702,04:42:00,False,False,False,282.0,False,True,282.0,0.0,False,282.0,BOM → CCU,2026-04-19
SJ020,SpiceJet,BLR,BOM,2026-04-19 22:18:41.701,2026-04-20 02:27:41.701,04:09:00,False,False,False,249.0,False,True,249.0,0.0,False,249.0,BLR → BOM,2026-04-19
SJ099,UNKNOWN,MAA,BLR,2026-04-19 22:14:41.702,2026-04-20 00:34:41.702,02:20:00,True,True,False,140.0,False,True,140.0,0.0,False,140.0,MAA → BLR,2026-04-19
6F078,IndiGo,BOM,CCU,2026-04-19 22:04:41.702,2026-04-19 23:37:41.702,01:33:00,False,False,False,93.0,False,False,93.0,0.0,False,93.0,BOM → CCU,2026-04-19
UK219,Vistara,BOM,HYD,2026-04-19 22:03:41.704,2026-04-20 02:21:41.704,04:18:00,False,False,False,258.0,False,True,258.0,0.0,False,258.0,BOM → HYD,2026-04-19
UK223,Vistara,CCU,DEL,2026-04-19 21:58:41.704,2026-04-19 22:30:41.704,00:32:00,False,False,False,32.0,False,False,32.0,0.0,False,32.0,CCU → DEL,2026-04-19
UK227,Vistara,BOM,HYD,2026-04-19 21:57:41.704,2026-04-20 01:47:41.704,03:50:00,False,False,False,230.0,False,True,230.0,0.0,False,230.0,BOM → HYD,2026-04-19
6F260,UNKNOWN,CCU,DEL,2026-04-19 21:51:41.702,2026-04-20 01:14:41.702,03:23:00,True,True,False,203.0,False,True,203.0,0.0,False,203.0,CCU → DEL,2026-04-19
AI096,Air India,CCU,DEL,2026-04-19 21:48:41.702,2026-04-20 02:46:41.702,04:58:00,False,False,False,298.0,False,True,298.0,0.0,False,298.0,CCU → DEL,2026-04-19
6F022,IndiGo,MAA,BLR,2026-04-19 21:46:41.701,2026-04-20 02:05:41.701,04:19:00,False,False,False,259.0,False,True,259.0,0.0,False,259.0,MAA → BLR,2026-04-19
6F237,IndiGo,HYD,MAA,2026-04-19 21:41:41.704,2026-04-20 00:44:41.704,03:03:00,False,False,False,183.0,False,True,183.0,0.0,False,183.0,HYD → MAA,2026-04-19
UK146,Vistara,BOM,MAA,2026-04-19 21:40:41.703,2026-04-20 00:08:41.703,02:28:00,False,False,False,148.0,False,True,148.0,0.0,False,148.0,BOM → MAA,2026-04-19
SJ015,SpiceJet,BOM,CCU,2026-04-19 21:40:41.701,2026-04-19 22:52:41.701,01:12:00,False,False,False,72.0,False,False,72.0,0.0,False,72.0,BOM → CCU,2026-04-19
AI108,Air India,BLR,CCU,2026-04-19 21:32:41.702,2026-04-20 00:17:41.702,02:45:00,False,False,False,165.0,False,True,165.0,0.0,False,165.0,BLR → CCU,2026-04-19
UK020,Vistara,MAA,BLR,2026-04-19 21:23:41.701,2026-04-19 22:38:41.701,01:15:00,False,False,False,75.0,False,False,75.0,0.0,False,75.0,MAA → BLR,2026-04-19
6F113,IndiGo,BOM,CCU,2026-04-19 21:04:41.702,2026-04-20 01:30:41.702,04:26:00,False,False,False,266.0,False,True,266.0,0.0,False,266.0,BOM → CCU,2026-04-19
6F112,IndiGo,HYD,DEL,2026-04-19 21:00:41.702,2026-04-19 23:16:41.702,02:16:00,False,False,False,136.0,False,False,136.0,0.0,False,136.0,HYD → DEL,2026-04-19
6F246,IndiGo,HYD,DEL,2026-04-19 21:00:41.702,2026-04-19 23:16:41.702,02:16:00,False,False,False,136.0,False,False,136.0,0.0,False,136.0,HYD → DEL,2026-04-19
UK158,Vistara,BOM,MAA,2026-04-19 20:49:41.703,2026-04-19 21:22:41.703,00:33:00,False,False,False,33.0,False,False,33.0,0.0,False,33.0,BOM → MAA,2026-04-19
UK159,Vistara,CCU,BLR,2026-04-19 20:45:41.703,2026-04-19 23:32:41.703,02:47:00,False,False,False,167.0,False,False,167.0,0.0,False,167.0,CCU → BLR,2026-04-19
UK084,Vistara,MAA,DEL,2026-04-19 20:44:41.702,2026-04-20 00:20:41.702,03:36:00,False,False,False,216.0,False,True,216.0,0.0,False,216.0,MAA → DEL,2026-04-19
SJ206,SpiceJet,DEL,CCU,2026-04-19 20:43:41.703,2026-04-20 01:21:41.703,04:38:00,False,False,False,278.0,False,True,278.0,0.0,False,278.0,DEL → CCU,2026-04-19
UK044,Vistara,BLR,BOM,2026-04-19 20:31:41.701,2026-04-19 23:29:41.701,02:58:00,False,False,False,178.0,False,False,178.0,0.0,False,178.0,BLR → BOM,2026-04-19
SJ036,SpiceJet,DEL,HYD,2026-04-19 20:24:41.701,2026-04-19 23:54:41.701,03:30:00,False,False,False,210.0,False,False,210.0,0.0,False,210.0,DEL → HYD,2026-04-19
6F176,IndiGo,CCU,DEL,2026-04-19 20:23:42.000,2026-04-19 23:23:42.000,03:00:00,False,False,False,180.0,False,False,180.0,0.0,False,180.0,CCU → DEL,2026-04-19
6F148,IndiGo,CCU,BOM,2026-04-19 20:23:41.703,2026-04-19 22:30:41.703,02:07:00,False,False,False,127.0,False,False,127.0,0.0,False,127.0,CCU → BOM,2026-04-19
6F202,IndiGo,HYD,BLR,2026-04-19 20:18:41.703,2026-04-19 23:48:41.703,03:30:00,False,False,False,210.0,False,False,210.0,0.0,False,210.0,HYD → BLR,2026-04-19
6F071,IndiGo,DEL,CCU,2026-04-19 20:18:41.702,2026-04-20 00:31:41.702,04:13:00,False,False,False,253.0,False,True,253.0,0.0,False,253.0,DEL → CCU,2026-04-19
AI105,Air India,CCU,DEL,2026-04-19 20:16:41.702,2026-04-19 22:03:41.702,01:47:00,False,False,False,107.0,False,False,107.0,0.0,False,107.0,CCU → DEL,2026-04-19
AI241,Air India,HYD,BLR,2026-04-19 20:11:41.704,2026-04-19 22:18:41.704,02:07:00,False,False,False,127.0,False,False,127.0,0.0,False,127.0,HYD → BLR,2026-04-19
SJ162,SpiceJet,DEL,HYD,2026-04-19 20:11:41.703,2026-04-19 22:30:41.703,02:19:00,False,False,False,139.0,False,False,139.0,0.0,False,139.0,DEL → HYD,2026-04-19
6F003,IndiGo,HYD,BOM,2026-04-19 20:06:41.700,2026-04-19 23:13:41.700,03:07:00,False,False,False,187.0,False,False,187.0,0.0,False,187.0,HYD → BOM,2026-04-19
6F249,IndiGo,HYD,BOM,2026-04-19 20:06:41.700,2026-04-19 23:13:41.700,03:07:00,False,False,False,187.0,False,False,187.0,0.0,False,187.0,HYD → BOM,2026-04-19
AI237,Air India,BOM,CCU,2026-04-19 19:58:41.704,2026-04-19 23:13:41.704,03:15:00,False,False,False,195.0,False,False,195.0,0.0,False,195.0,BOM → CCU,2026-04-19
SJ134,SpiceJet,BOM,CCU,2026-04-19 19:58:41.702,2026-04-20 00:15:41.702,04:17:00,False,False,False,257.0,False,True,257.0,0.0,False,257.0,BOM → CCU,2026-04-19
AI071,Air India,BOM,MAA,2026-04-19 19:55:41.702,2026-04-19 22:58:41.702,03:03:00,False,False,False,183.0,False,False,183.0,0.0,False,183.0,BOM → MAA,2026-04-19
6F118,IndiGo,CCU,HYD,2026-04-19 19:52:41.702,2026-04-19 21:01:41.702,01:09:00,False,False,False,69.0,False,False,69.0,0.0,False,69.0,CCU → HYD,2026-04-19
6F014,IndiGo,DEL,MAA,2026-04-19 19:42:41.701,2026-04-19 23:15:41.701,03:33:00,False,False,False,213.0,False,False,213.0,0.0,False,213.0,DEL → MAA,2026-04-19
6F065,IndiGo,MAA,BLR,2026-04-19 19:40:41.701,2026-04-19 22:23:41.701,02:43:00,False,False,False,163.0,False,False,163.0,0.0,False,163.0,MAA → BLR,2026-04-19
6F271,UNKNOWN,HYD,MAA,2026-04-19 19:33:41.702,2026-04-19 22:52:41.702,03:19:00,True,True,False,199.0,False,False,199.0,0.0,False,199.0,HYD → MAA,2026-04-19
SJ070,SpiceJet,MAA,CCU,2026-04-19 18:55:41.701,2026-04-19 20:48:41.701,01:53:00,False,False,False,113.0,False,False,113.0,0.0,False,113.0,MAA → CCU,2026-04-19
6F007,IndiGo,HYD,MAA,2026-04-19 18:55:41.701,2026-04-19 19:54:41.701,00:59:00,False,False,False,59.0,False,False,59.0,0.0,False,59.0,HYD → MAA,2026-04-19
UK007,Vistara,DEL,HYD,2026-04-19 18:50:41.701,2026-04-19 21:04:41.701,02:14:00,False,False,False,134.0,False,False,134.0,0.0,False,134.0,DEL → HYD,2026-04-19
AI097,Air India,HYD,MAA,2026-04-19 18:42:41.702,2026-04-19 23:34:41.702,04:52:00,False,False,False,292.0,False,False,292.0,0.0,False,292.0,HYD → MAA,2026-04-19
6F256,UNKNOWN,BOM,CCU,2026-04-19 18:40:41.702,2026-04-19 19:13:41.702,00:33:00,True,True,False,33.0,False,False,33.0,0.0,False,33.0,BOM → CCU,2026-04-19
UK047,Vistara,BLR,HYD,2026-04-19 18:40:41.701,2026-04-19 22:45:41.701,04:05:00,False,False,False,245.0,False,False,245.0,0.0,False,245.0,BLR → HYD,2026-04-19
AI024,Air India,MAA,BOM,2026-04-19 18:38:41.701,2026-04-19 19:45:41.701,01:07:00,False,False,False,67.0,False,False,67.0,0.0,False,67.0,MAA → BOM,2026-04-19
UK113,Vistara,CCU,DEL,2026-04-19 18:34:41.702,2026-04-19 22:58:41.702,04:24:00,False,False,False,264.0,False,False,264.0,0.0,False,264.0,CCU → DEL,2026-04-19
SJ163,SpiceJet,DEL,HYD,2026-04-19 18:32:41.703,2026-04-19 23:08:41.703,04:36:00,False,False,False,276.0,False,False,276.0,0.0,False,276.0,DEL → HYD,2026-04-19
SJ208,SpiceJet,DEL,HYD,2026-04-19 18:32:41.703,2026-04-19 19:33:41.703,01:01:00,False,False,False,61.0,False,False,61.0,0.0,False,61.0,DEL → HYD,2026-04-19
SJ221,SpiceJet,MAA,HYD,2026-04-19 18:31:41.703,2026-04-19 23:17:41.703,04:46:00,False,False,False,286.0,False,False,286.0,0.0,False,286.0,MAA → HYD,2026-04-19
SJ084,SpiceJet,HYD,MAA,2026-04-19 18:31:41.702,2026-04-19 19:30:41.702,00:59:00,False,False,False,59.0,False,False,59.0,0.0,False,59.0,HYD → MAA,2026-04-19
6F127,IndiGo,HYD,BOM,2026-04-19 18:27:41.702,2026-04-19 22:28:41.702,04:01:00,False,False,False,241.0,False,False,241.0,0.0,False,241.0,HYD → BOM,2026-04-19
AI122,Air India,BOM,CCU,2026-04-19 18:25:41.702,2026-04-19 22:36:41.702,04:11:00,False,False,False,251.0,False,False,251.0,0.0,False,251.0,BOM → CCU,2026-04-19
AI139,Air India,HYD,MAA,2026-04-19 18:23:41.702,2026-04-19 19:24:41.702,01:01:00,False,False,False,61.0,False,False,61.0,0.0,False,61.0,HYD → MAA,2026-04-19
UK149,Vistara,MAA,DEL,2026-04-19 18:22:41.703,2026-04-19 23:08:41.703,04:46:00,False,False,False,286.0,False,False,286.0,0.0,False,286.0,MAA → DEL,2026-04-19
AI149,Air India,BOM,HYD,2026-04-19 18:19:41.703,2026-04-19 21:36:41.703,03:17:00,False,False,False,197.0,False,False,197.0,0.0,False,197.0,BOM → HYD,2026-04-19
SJ243,SpiceJet,BLR,DEL,2026-04-19 18:17:41.704,2026-04-19 23:03:41.704,04:46:00,False,False,False,286.0,False,False,286.0,0.0,False,286.0,BLR → DEL,2026-04-19
AI053,Air India,CCU,DEL,2026-04-19 18:04:41.701,2026-04-19 22:19:41.701,04:15:00,False,False,False,255.0,False,False,255.0,0.0,False,255.0,CCU → DEL,2026-04-19
UK061,Vistara,BLR,BOM,2026-04-19 17:58:41.701,2026-04-19 19:48:41.701,01:50:00,False,False,False,110.0,False,False,110.0,0.0,False,110.0,BLR → BOM,2026-04-19
SJ004,SpiceJet,MAA,DEL,2026-04-19 17:52:41.701,2026-04-19 21:01:41.701,03:09:00,False,False,False,189.0,False,False,189.0,0.0,False,189.0,MAA → DEL,2026-04-19
AI173,Air India,HYD,DEL,2026-04-19 17:36:41.703,2026-04-19 22:27:41.703,04:51:00,False,False,False,291.0,False,False,291.0,0.0,False,291.0,HYD → DEL,2026-04-19
6F085,IndiGo,HYD,MAA,2026-04-19 17:32:41.702,2026-04-19 19:32:42.000,02:00:00.298000,False,False,False,120.00496666666666,False,False,120.00496666666666,0.0,False,120.00496666666666,HYD → MAA,2026-04-19
AI252,UNKNOWN,HYD,DEL,2026-04-19 17:30:41.704,2026-04-19 21:54:41.704,04:24:00,True,True,False,264.0,False,False,264.0,0.0,False,264.0,HYD → DEL,2026-04-19
SJ109,SpiceJet,BOM,DEL,2026-04-19 17:24:41.702,2026-04-19 20:28:41.702,03:04:00,False,False,False,184.0,False,False,184.0,0.0,False,184.0,BOM → DEL,2026-04-19
UK123,Vistara,BOM,DEL,2026-04-19 17:24:41.702,2026-04-19 20:18:41.702,02:54:00,False,False,False,174.0,False,False,174.0,0.0,False,174.0,BOM → DEL,2026-04-19
6F125,IndiGo,BOM,CCU,2026-04-19 17:09:41.702,2026-04-19 21:13:41.702,04:04:00,False,False,False,244.0,False,False,244.0,0.0,False,244.0,BOM → CCU,2026-04-19
UK183,Vistara,BLR,CCU,2026-04-19 17:07:41.703,2026-04-19 18:30:41.703,01:23:00,False,False,False,83.0,False,False,83.0,0.0,False,83.0,BLR → CCU,2026-04-19
AI110,Air India,BOM,CCU,2026-04-19 17:07:41.702,2026-04-19 22:00:41.702,04:53:00,False,False,False,293.0,False,False,293.0,0.0,False,293.0,BOM → CCU,2026-04-19
UK105,Vistara,CCU,HYD,2026-04-19 17:04:41.702,2026-04-19 18:11:41.702,01:07:00,False,False,False,67.0,False,False,67.0,0.0,False,67.0,CCU → HYD,2026-04-19
6F128,IndiGo,HYD,DEL,2026-04-19 16:56:41.702,2026-04-19 18:03:41.702,01:07:00,False,False,False,67.0,False,False,67.0,0.0,False,67.0,HYD → DEL,2026-04-19
6F224,IndiGo,DEL,MAA,2026-04-19 16:53:41.704,2026-04-19 18:52:41.704,01:59:00,False,False,False,119.0,False,False,119.0,0.0,False,119.0,DEL → MAA,2026-04-19
SJ130,SpiceJet,BOM,DEL,2026-04-19 16:53:41.702,2026-04-19 20:53:41.702,04:00:00,False,False,False,240.0,False,False,240.0,0.0,False,240.0,BOM → DEL,2026-04-19
AI224,Air India,DEL,HYD,2026-04-19 16:51:41.703,2026-04-19 21:36:41.703,04:45:00,False,False,False,285.0,False,False,285.0,0.0,False,285.0,DEL → HYD,2026-04-19
SJ182,SpiceJet,CCU,BOM,2026-04-19 16:48:41.703,2026-04-19 17:36:41.703,00:48:00,False,False,False,48.0,False,False,48.0,0.0,False,48.0,CCU → BOM,2026-04-19
UK164,Vistara,BOM,HYD,2026-04-19 16:46:41.703,2026-04-19 21:10:41.703,04:24:00,False,False,False,264.0,False,False,264.0,0.0,False,264.0,BOM → HYD,2026-04-19
AI161,Air India,CCU,BOM,2026-04-19 16:40:41.703,2026-04-19 19:40:41.703,03:00:00,False,False,False,180.0,False,False,180.0,0.0,False,180.0,CCU → BOM,2026-04-19
6F206,IndiGo,DEL,BOM,2026-04-19 16:39:41.703,2026-04-19 20:59:41.703,04:20:00,False,False,False,260.0,False,False,260.0,0.0,False,260.0,DEL → BOM,2026-04-19
SJ204,SpiceJet,CCU,DEL,2026-04-19 16:34:41.703,2026-04-19 18:15:41.703,01:41:00,False,False,False,101.0,False,False,101.0,0.0,False,101.0,CCU → DEL,2026-04-19
AI206,Air India,CCU,MAA,2026-04-19 16:30:41.703,2026-04-19 20:01:41.703,03:31:00,False,False,False,211.0,False,False,211.0,0.0,False,211.0,CCU → MAA,2026-04-19
6F140,IndiGo,CCU,HYD,2026-04-19 16:30:41.702,2026-04-19 18:21:41.702,01:51:00,False,False,False,111.0,False,False,111.0,0.0,False,111.0,CCU → HYD,2026-04-19
6F253,UNKNOWN,MAA,BLR,2026-04-19 16:26:41.703,2026-04-19 18:24:41.703,01:58:00,False,True,False,118.0,False,False,118.0,0.0,False,118.0,MAA → BLR,2026-04-19
SJ203,UNKNOWN,DEL,HYD,2026-04-19 16:22:41.703,2026-04-19 18:27:41.703,02:05:00,True,True,False,125.0,False,False,125.0,0.0,False,125.0,DEL → HYD,2026-04-19
SJ161,SpiceJet,MAA,BLR,2026-04-19 16:22:41.703,2026-04-19 17:04:41.703,00:42:00,False,False,False,42.0,False,False,42.0,0.0,False,42.0,MAA → BLR,2026-04-19
AI098,Air India,HYD,MAA,2026-04-19 16:01:41.702,2026-04-19 18:11:41.702,02:10:00,False,False,False,130.0,False,False,130.0,0.0,False,130.0,HYD → MAA,2026-04-19
AI168,UNKNOWN,DEL,CCU,2026-04-19 15:50:41.703,2026-04-19 20:20:41.703,04:30:00,True,True,False,270.0,False,False,270.0,0.0,False,270.0,DEL → CCU,2026-04-19
UK190,Vistara,DEL,BLR,2026-04-19 15:49:41.703,2026-04-19 18:53:41.703,03:04:00,False,False,False,184.0,False,False,184.0,0.0,False,184.0,DEL → BLR,2026-04-19
AI085,Air India,DEL,HYD,2026-04-19 15:45:41.702,2026-04-19 20:33:41.702,04:48:00,False,False,False,288.0,False,False,288.0,0.0,False,288.0,DEL → HYD,2026-04-19
AI076,Air India,BLR,BOM,2026-04-19 15:37:41.702,2026-04-19 16:12:41.702,00:35:00,False,False,False,35.0,False,False,35.0,0.0,False,35.0,BLR → BOM,2026-04-19
UK130,Vistara,MAA,BLR,2026-04-19 15:36:41.702,2026-04-19 19:43:41.702,04:07:00,False,False,False,247.0,False,False,247.0,0.0,False,247.0,MAA → BLR,2026-04-19
6F038,IndiGo,HYD,MAA,2026-04-19 15:36:41.701,2026-04-19 19:33:41.701,03:57:00,False,False,False,237.0,False,False,237.0,0.0,False,237.0,HYD → MAA,2026-04-19
UK110,Vistara,HYD,DEL,2026-04-19 15:26:41.702,2026-04-19 20:13:41.702,04:47:00,False,False,False,287.0,False,False,287.0,0.0,False,287.0,HYD → DEL,2026-04-19
SJ013,SpiceJet,DEL,MAA,2026-04-19 15:25:41.701,2026-04-19 19:54:41.701,04:29:00,False,False,False,269.0,False,False,269.0,0.0,False,269.0,DEL → MAA,2026-04-19
AI039,Air India,MAA,BLR,2026-04-19 15:24:41.701,2026-04-19 18:56:41.701,03:32:00,False,False,False,212.0,False,False,212.0,0.0,False,212.0,MAA → BLR,2026-04-19
AI248,Air India,CCU,DEL,2026-04-19 15:17:41.704,2026-04-19 16:35:41.704,01:18:00,False,False,False,78.0,False,False,78.0,0.0,False,78.0,CCU → DEL,2026-04-19
6F199,IndiGo,DEL,MAA,2026-04-19 15:15:41.703,2026-04-19 17:32:41.703,02:17:00,False,False,False,137.0,False,False,137.0,0.0,False,137.0,DEL → MAA,2026-04-19
AI225,Air India,BOM,BLR,2026-04-19 15:05:41.703,2026-04-19 16:01:41.703,00:56:00,False,False,False,56.0,False,False,56.0,0.0,False,56.0,BOM → BLR,2026-04-19
SJ028,SpiceJet,CCU,BOM,2026-04-19 15:04:41.701,2026-04-19 19:32:41.701,04:28:00,False,False,False,268.0,False,False,268.0,0.0,False,268.0,CCU → BOM,2026-04-19
SJ012,SpiceJet,HYD,BLR,2026-04-19 15:01:41.701,2026-04-19 16:12:41.701,01:11:00,False,False,False,71.0,False,False,71.0,0.0,False,71.0,HYD → BLR,2026-04-19
SJ131,SpiceJet,MAA,HYD,2026-04-19 15:00:41.702,2026-04-19 16:07:41.702,01:07:00,False,False,False,67.0,False,False,67.0,0.0,False,67.0,MAA → HYD,2026-04-19
AI010,Air India,BOM,HYD,2026-04-19 15:00:41.701,2026-04-19 19:48:41.701,04:48:00,False,False,False,288.0,False,False,288.0,0.0,False,288.0,BOM → HYD,2026-04-19
6F020,IndiGo,BOM,HYD,2026-04-19 14:58:41.701,2026-04-19 16:43:41.701,01:45:00,False,False,False,105.0,False,False,105.0,0.0,False,105.0,BOM → HYD,2026-04-19
SJ038,SpiceJet,BLR,DEL,2026-04-19 14:57:41.701,2026-04-19 17:46:41.701,02:49:00,False,False,False,169.0,False,False,169.0,0.0,False,169.0,BLR → DEL,2026-04-19
UK204,Vistara,BLR,DEL,2026-04-19 14:46:41.703,2026-04-19 16:24:41.703,01:38:00,False,False,False,98.0,False,False,98.0,0.0,False,98.0,BLR → DEL,2026-04-19
AI036,Air India,BOM,CCU,2026-04-19 14:45:41.701,2026-04-19 16:16:41.701,01:31:00,False,False,False,91.0,False,False,91.0,0.0,False,91.0,BOM → CCU,2026-04-19
AI100,UNKNOWN,CCU,BOM,2026-04-19 14:42:41.702,2026-04-19 18:22:41.702,03:40:00,False,True,False,220.0,False,False,220.0,0.0,False,220.0,CCU → BOM,2026-04-19
SJ215,SpiceJet,CCU,DEL,2026-04-19 14:37:41.703,2026-04-19 16:12:41.703,01:35:00,False,False,False,95.0,False,False,95.0,0.0,False,95.0,CCU → DEL,2026-04-19
UK155,Vistara,MAA,HYD,2026-04-19 14:34:41.703,2026-04-19 18:37:41.703,04:03:00,False,False,False,243.0,False,False,243.0,0.0,False,243.0,MAA → HYD,2026-04-19
SJ173,SpiceJet,CCU,HYD,2026-04-19 14:27:41.703,2026-04-19 16:09:41.703,01:42:00,False,False,False,102.0,False,False,102.0,0.0,False,102.0,CCU → HYD,2026-04-19
UK179,Vistara,DEL,HYD,2026-04-19 14:25:41.703,2026-04-19 19:15:41.703,04:50:00,False,False,False,290.0,False,False,290.0,0.0,False,290.0,DEL → HYD,2026-04-19
UK221,Vistara,CCU,DEL,2026-04-19 14:18:41.704,2026-04-19 18:44:41.704,04:26:00,False,False,False,266.0,False,False,266.0,0.0,False,266.0,CCU → DEL,2026-04-19
UK023,Vistara,DEL,MAA,2026-04-19 14:15:41.701,2026-04-19 19:03:41.701,04:48:00,False,False,False,288.0,False,False,288.0,0.0,False,288.0,DEL → MAA,2026-04-19
SJ107,SpiceJet,BOM,MAA,2026-04-19 14:10:41.702,2026-04-19 18:38:41.702,04:28:00,False,False,False,268.0,False,False,268.0,0.0,False,268.0,BOM → MAA,2026-04-19
AI073,Air India,BOM,BLR,2026-04-19 14:08:41.702,2026-04-19 16:10:41.702,02:02:00,False,False,False,122.0,False,False,122.0,0.0,False,122.0,BOM → BLR,2026-04-19
SJ187,SpiceJet,MAA,BLR,2026-04-19 14:07:41.703,2026-04-19 17:30:41.703,03:23:00,False,False,False,203.0,False,False,203.0,0.0,False,203.0,MAA → BLR,2026-04-19
UK058,Vistara,MAA,BOM,2026-04-19 13:46:41.701,2026-04-19 17:04:41.701,03:18:00,False,False,False,198.0,False,False,198.0,0.0,False,198.0,MAA → BOM,2026-04-19
SJ063,SpiceJet,MAA,BOM,2026-04-19 13:38:41.701,2026-04-19 15:23:41.701,01:45:00,False,False,False,105.0,False,False,105.0,0.0,False,105.0,MAA → BOM,2026-04-19
SJ062,SpiceJet,BLR,HYD,2026-04-19 13:37:41.701,2026-04-19 17:06:41.701,03:29:00,False,False,False,209.0,False,False,209.0,0.0,False,209.0,BLR → HYD,2026-04-19
UK048,Vistara,MAA,DEL,2026-04-19 13:36:41.701,2026-04-19 18:21:41.701,04:45:00,False,False,False,285.0,False,False,285.0,0.0,False,285.0,MAA → DEL,2026-04-19
AI181,Air India,MAA,HYD,2026-04-19 13:29:41.703,2026-04-19 16:55:41.703,03:26:00,False,False,False,206.0,False,False,206.0,0.0,False,206.0,MAA → HYD,2026-04-19
AI003,Air India,BLR,HYD,2026-04-19 13:27:41.701,2026-04-19 16:55:41.701,03:28:00,False,False,False,208.0,False,False,208.0,0.0,False,208.0,BLR → HYD,2026-04-19
6F041,IndiGo,MAA,BOM,2026-04-19 13:19:41.701,2026-04-19 16:48:41.701,03:29:00,False,False,False,209.0,False,False,209.0,0.0,False,209.0,MAA → BOM,2026-04-19
6F175,IndiGo,MAA,CCU,2026-04-19 13:18:41.703,2026-04-19 15:13:41.703,01:55:00,False,False,False,115.0,False,False,115.0,0.0,False,115.0,MAA → CCU,2026-04-19
6F013,IndiGo,BOM,CCU,2026-04-19 13:15:41.701,2026-04-19 18:05:41.701,04:50:00,False,False,False,290.0,False,False,290.0,0.0,False,290.0,BOM → CCU,2026-04-19
SJ040,SpiceJet,BOM,CCU,2026-04-19 13:12:41.701,2026-04-19 16:44:41.701,03:32:00,False,False,False,212.0,False,False,212.0,0.0,False,212.0,BOM → CCU,2026-04-19
SJ016,SpiceJet,HYD,CCU,2026-04-19 13:01:41.701,2026-04-19 16:26:41.701,03:25:00,False,False,False,205.0,False,False,205.0,0.0,False,205.0,HYD → CCU,2026-04-19
6F135,IndiGo,MAA,HYD,2026-04-19 12:59:41.702,2026-04-19 13:45:41.702,00:46:00,False,False,False,46.0,False,False,46.0,0.0,False,46.0,MAA → HYD,2026-04-19
6F150,IndiGo,HYD,MAA,2026-04-19 12:55:41.703,2026-04-19 16:53:41.703,03:58:00,False,False,False,238.0,False,False,238.0,0.0,False,238.0,HYD → MAA,2026-04-19
AI083,Air India,DEL,BOM,2026-04-19 12:54:41.702,2026-04-19 13:37:41.702,00:43:00,False,False,False,43.0,False,False,43.0,0.0,False,43.0,DEL → BOM,2026-04-19
SJ166,SpiceJet,CCU,HYD,2026-04-19 12:51:41.703,2026-04-19 16:18:41.703,03:27:00,False,False,False,207.0,False,False,207.0,0.0,False,207.0,CCU → HYD,2026-04-19
SJ027,UNKNOWN,BOM,MAA,2026-04-19 12:50:41.701,2026-04-19 17:13:41.701,04:23:00,False,True,False,263.0,False,False,263.0,0.0,False,263.0,BOM → MAA,2026-04-19
6F134,IndiGo,BLR,MAA,2026-04-19 12:47:41.702,2026-04-19 14:06:41.702,01:19:00,False,False,False,79.0,False,False,79.0,0.0,False,79.0,BLR → MAA,2026-04-19
UK225,Vistara,MAA,BLR,2026-04-19 12:46:41.704,2026-04-19 15:02:41.704,02:16:00,False,False,False,136.0,False,False,136.0,0.0,False,136.0,MAA → BLR,2026-04-19
SJ175,SpiceJet,MAA,BLR,2026-04-19 12:46:41.703,2026-04-19 16:50:41.703,04:04:00,False,False,False,244.0,False,False,244.0,0.0,False,244.0,MAA → BLR,2026-04-19
AI182,Air India,HYD,DEL,2026-04-19 12:41:41.703,2026-04-19 17:14:41.703,04:33:00,False,False,False,273.0,False,False,273.0,0.0,False,273.0,HYD → DEL,2026-04-19
AI190,Air India,BOM,CCU,2026-04-19 12:38:41.703,2026-04-19 15:56:41.703,03:18:00,False,False,False,198.0,False,False,198.0,0.0,False,198.0,BOM → CCU,2026-04-19
AI120,Air India,MAA,CCU,2026-04-19 12:12:41.702,2026-04-19 14:18:41.702,02:06:00,False,False,False,126.0,False,False,126.0,0.0,False,126.0,MAA → CCU,2026-04-19
6F132,IndiGo,MAA,BOM,2026-04-19 12:00:41.702,2026-04-19 13:00:42.000,01:00:00.298000,False,False,False,60.00496666666666,False,False,60.00496666666666,0.0,False,60.00496666666666,MAA → BOM,2026-04-19
UK102,Vistara,HYD,CCU,2026-04-19 11:58:41.702,2026-04-19 14:01:41.702,02:03:00,False,False,False,123.0,False,False,123.0,0.0,False,123.0,HYD → CCU,2026-04-19
AI045,Air India,HYD,MAA,2026-04-19 11:58:41.701,2026-04-19 14:37:41.701,02:39:00,False,False,False,159.0,False,False,159.0,0.0,False,159.0,HYD → MAA,2026-04-19
UK136,Vistara,HYD,CCU,2026-04-19 11:43:41.703,2026-04-19 15:26:41.703,03:43:00,False,False,False,223.0,False,False,223.0,0.0,False,223.0,HYD → CCU,2026-04-19
SJ238,SpiceJet,MAA,BLR,2026-04-19 11:41:41.704,2026-04-19 15:39:41.704,03:58:00,False,False,False,238.0,False,False,238.0,0.0,False,238.0,MAA → BLR,2026-04-19
AI193,Air India,MAA,HYD,2026-04-19 11:33:41.703,2026-04-19 16:07:41.703,04:34:00,False,False,False,274.0,False,False,274.0,0.0,False,274.0,MAA → HYD,2026-04-19
6F001,IndiGo,HYD,BOM,2026-04-19 11:33:41.700,2026-04-19 13:08:41.700,01:35:00,False,False,False,95.0,False,False,95.0,0.0,False,95.0,HYD → BOM,2026-04-19
6F211,IndiGo,MAA,BLR,2026-04-19 11:29:41.703,2026-04-19 16:20:41.703,04:51:00,False,False,False,291.0,False,False,291.0,0.0,False,291.0,MAA → BLR,2026-04-19
SJ199,SpiceJet,HYD,BOM,2026-04-19 11:29:41.703,2026-04-19 13:59:41.703,02:30:00,False,False,False,150.0,False,False,150.0,0.0,False,150.0,HYD → BOM,2026-04-19
SJ050,SpiceJet,HYD,CCU,2026-04-19 11:24:41.701,2026-04-19 12:03:41.701,00:39:00,False,False,False,39.0,False,False,39.0,0.0,False,39.0,HYD → CCU,2026-04-19
UK115,Vistara,BLR,BOM,2026-04-19 11:20:41.702,2026-04-19 13:20:42.000,02:00:00.298000,False,False,False,120.00496666666666,False,False,120.00496666666666,0.0,False,120.00496666666666,BLR → BOM,2026-04-19
AI037,UNKNOWN,BOM,BLR,2026-04-19 11:14:41.701,2026-04-19 15:13:41.701,03:59:00,True,True,False,239.0,False,False,239.0,0.0,False,239.0,BOM → BLR,2026-04-19
6F235,IndiGo,HYD,MAA,2026-04-19 11:06:41.704,2026-04-19 13:51:41.704,02:45:00,False,False,False,165.0,False,False,165.0,0.0,False,165.0,HYD → MAA,2026-04-19
UK111,Vistara,MAA,BLR,2026-04-19 11:06:41.702,2026-04-19 12:20:41.702,01:14:00,False,False,False,74.0,False,False,74.0,0.0,False,74.0,MAA → BLR,2026-04-19
6F005,IndiGo,BOM,MAA,2026-04-19 11:04:41.701,2026-04-19 15:27:41.701,04:23:00,False,False,False,263.0,False,False,263.0,0.0,False,263.0,BOM → MAA,2026-04-19
AI198,Air India,CCU,MAA,2026-04-19 10:56:41.703,2026-04-19 14:19:41.703,03:23:00,False,False,False,203.0,False,False,203.0,0.0,False,203.0,CCU → MAA,2026-04-19
UK184,Vistara,MAA,HYD,2026-04-19 10:49:41.703,2026-04-19 13:00:41.703,02:11:00,False,False,False,131.0,False,False,131.0,0.0,False,131.0,MAA → HYD,2026-04-19
6F219,IndiGo,MAA,DEL,2026-04-19 10:32:41.704,2026-04-19 14:37:41.704,04:05:00,False,False,False,245.0,False,False,245.0,0.0,False,245.0,MAA → DEL,2026-04-19
UK066,Vistara,BOM,CCU,2026-04-19 10:29:41.701,2026-04-19 12:07:41.701,01:38:00,False,False,False,98.0,False,False,98.0,0.0,False,98.0,BOM → CCU,2026-04-19
6F220,IndiGo,HYD,BOM,2026-04-19 10:27:41.704,2026-04-19 11:25:41.704,00:58:00,False,False,False,58.0,False,False,58.0,0.0,False,58.0,HYD → BOM,2026-04-19
AI180,Air India,BOM,CCU,2026-04-19 10:19:41.703,2026-04-19 11:00:41.703,00:41:00,False,False,False,41.0,False,False,41.0,0.0,False,41.0,BOM → CCU,2026-04-19
6F098,IndiGo,BLR,MAA,2026-04-19 10:18:41.702,2026-04-19 12:49:41.702,02:31:00,False,False,False,151.0,False,False,151.0,0.0,False,151.0,BLR → MAA,2026-04-19
AI141,Air India,BLR,DEL,2026-04-19 10:16:41.702,2026-04-19 14:53:41.702,04:37:00,False,False,False,277.0,False,False,277.0,0.0,False,277.0,BLR → DEL,2026-04-19
SJ170,SpiceJet,BLR,BOM,2026-04-19 10:11:41.703,2026-04-19 11:56:41.703,01:45:00,False,False,False,105.0,False,False,105.0,0.0,False,105.0,BLR → BOM,2026-04-19
SJ178,SpiceJet,BOM,HYD,2026-04-19 09:58:41.703,2026-04-19 12:27:41.703,02:29:00,False,False,False,149.0,False,False,149.0,0.0,False,149.0,BOM → HYD,2026-04-19
6F172,IndiGo,BOM,BLR,2026-04-19 09:53:41.703,2026-04-19 14:46:41.703,04:53:00,False,False,False,293.0,False,False,293.0,0.0,False,293.0,BOM → BLR,2026-04-19
UK220,Vistara,BLR,BOM,2026-04-19 09:51:41.704,2026-04-19 13:25:41.704,03:34:00,False,False,False,214.0,False,False,214.0,0.0,False,214.0,BLR → BOM,2026-04-19
SJ148,SpiceJet,DEL,BLR,2026-04-19 09:51:41.702,2026-04-19 13:41:41.702,03:50:00,False,False,False,230.0,False,False,230.0,0.0,False,230.0,DEL → BLR,2026-04-19
UK065,Vistara,BOM,CCU,2026-04-19 09:38:41.701,2026-04-19 13:46:41.701,04:08:00,False,False,False,248.0,False,False,248.0,0.0,False,248.0,BOM → CCU,2026-04-19
6F243,IndiGo,BOM,HYD,2026-04-19 09:37:41.704,2026-04-19 10:33:41.704,00:56:00,False,False,False,56.0,False,False,56.0,0.0,False,56.0,BOM → HYD,2026-04-19
SJ193,SpiceJet,CCU,DEL,2026-04-19 09:37:41.703,2026-04-19 12:16:41.703,02:39:00,False,False,False,159.0,False,False,159.0,0.0,False,159.0,CCU → DEL,2026-04-19
UK056,Vistara,HYD,MAA,2026-04-19 09:29:41.701,2026-04-19 10:15:41.701,00:46:00,False,False,False,46.0,False,False,46.0,0.0,False,46.0,HYD → MAA,2026-04-19
AI219,UNKNOWN,BLR,DEL,2026-04-19 09:28:41.703,2026-04-19 11:27:41.703,01:59:00,True,True,False,119.0,False,False,119.0,0.0,False,119.0,BLR → DEL,2026-04-19
SJ073,SpiceJet,CCU,BLR,2026-04-19 09:26:41.701,2026-04-19 11:14:41.701,01:48:00,False,False,False,108.0,False,False,108.0,0.0,False,108.0,CCU → BLR,2026-04-19
6F052,IndiGo,BOM,CCU,2026-04-19 09:13:41.701,2026-04-19 12:02:41.701,02:49:00,False,False,False,169.0,False,False,169.0,0.0,False,169.0,BOM → CCU,2026-04-19
SJ201,SpiceJet,BLR,DEL,2026-04-19 09:10:41.703,2026-04-19 11:12:41.703,02:02:00,False,False,False,122.0,False,False,122.0,0.0,False,122.0,BLR → DEL,2026-04-19
UK028,Vistara,HYD,MAA,2026-04-19 09:02:41.701,2026-04-19 10:37:41.701,01:35:00,False,False,False,95.0,False,False,95.0,0.0,False,95.0,HYD → MAA,2026-04-19
SJ119,SpiceJet,BOM,CCU,2026-04-19 08:53:41.702,2026-04-19 11:29:41.702,02:36:00,False,False,False,156.0,False,False,156.0,0.0,False,156.0,BOM → CCU,2026-04-19
AI165,Air India,DEL,CCU,2026-04-19 08:51:41.703,2026-04-19 10:31:41.703,01:40:00,False,False,False,100.0,False,False,100.0,0.0,False,100.0,DEL → CCU,2026-04-19
AI255,Air India,MAA,CCU,2026-04-19 08:45:41.704,2026-04-19 13:12:41.704,04:27:00,False,False,False,267.0,False,False,267.0,0.0,False,267.0,MAA → CCU,2026-04-19
AI202,Air India,HYD,BLR,2026-04-19 08:44:41.703,2026-04-19 10:53:41.703,02:09:00,False,False,False,129.0,False,False,129.0,0.0,False,129.0,HYD → BLR,2026-04-19
SJ039,SpiceJet,MAA,BOM,2026-04-19 08:41:41.701,2026-04-19 12:08:41.701,03:27:00,False,False,False,207.0,False,False,207.0,0.0,False,207.0,MAA → BOM,2026-04-19
SJ051,UNKNOWN,BOM,BLR,2026-04-19 08:40:41.701,2026-04-19 12:18:41.701,03:38:00,True,True,False,218.0,False,False,218.0,0.0,False,218.0,BOM → BLR,2026-04-19
UK024,Vistara,MAA,BLR,2026-04-19 08:29:41.701,2026-04-19 13:29:41.701,05:00:00,False,False,False,300.0,False,False,300.0,0.0,False,300.0,MAA → BLR,2026-04-19
SJ006,SpiceJet,HYD,BLR,2026-04-19 08:25:41.701,2026-04-19 08:57:41.701,00:32:00,False,False,False,32.0,False,False,32.0,0.0,False,32.0,HYD → BLR,2026-04-19
AI207,Air India,BOM,MAA,2026-04-19 08:24:41.703,2026-04-19 11:23:41.703,02:59:00,False,False,False,179.0,False,False,179.0,0.0,False,179.0,BOM → MAA,2026-04-19
SJ168,SpiceJet,CCU,BOM,2026-04-19 08:17:41.703,2026-04-19 12:29:41.703,04:12:00,False,False,False,252.0,False,False,252.0,0.0,False,252.0,CCU → BOM,2026-04-19
AI028,Air India,HYD,BOM,2026-04-19 07:53:41.701,2026-04-19 08:35:41.701,00:42:00,False,False,False,42.0,False,False,42.0,0.0,False,42.0,HYD → BOM,2026-04-19
6F094,IndiGo,BLR,BOM,2026-04-19 07:37:41.702,2026-04-19 09:06:41.702,01:29:00,False,False,False,89.0,False,False,89.0,0.0,False,89.0,BLR → BOM,2026-04-19
6F024,IndiGo,BOM,DEL,2026-04-19 07:31:41.701,2026-04-19 11:17:41.701,03:46:00,False,False,False,226.0,False,False,226.0,0.0,False,226.0,BOM → DEL,2026-04-19
6F061,IndiGo,MAA,BOM,2026-04-19 07:28:41.701,2026-04-19 08:09:41.701,00:41:00,False,False,False,41.0,False,False,41.0,0.0,False,41.0,MAA → BOM,2026-04-19
AI032,Air India,MAA,BLR,2026-04-19 07:26:41.701,2026-04-19 09:26:42.000,02:00:00.299000,False,False,False,120.00498333333331,False,False,120.00498333333331,0.0,False,120.00498333333333,MAA → BLR,2026-04-19
UK163,Vistara,DEL,HYD,2026-04-19 07:22:41.703,2026-04-19 09:04:41.703,01:42:00,False,False,False,102.0,False,False,102.0,0.0,False,102.0,DEL → HYD,2026-04-19
SJ067,SpiceJet,MAA,BLR,2026-04-19 07:17:41.701,2026-04-19 08:16:41.701,00:59:00,False,False,False,59.0,False,False,59.0,0.0,False,59.0,MAA → BLR,2026-04-19
SJ106,SpiceJet,CCU,DEL,2026-04-19 07:16:41.702,2026-04-19 09:40:41.702,02:24:00,False,False,False,144.0,False,False,144.0,0.0,False,144.0,CCU → DEL,2026-04-19
AI086,Air India,CCU,HYD,2026-04-19 07:13:41.702,2026-04-19 10:09:41.702,02:56:00,False,False,False,176.0,False,False,176.0,0.0,False,176.0,CCU → HYD,2026-04-19
6F263,UNKNOWN,DEL,HYD,2026-04-19 07:07:41.703,2026-04-19 08:30:41.703,01:23:00,False,True,False,83.0,False,False,83.0,0.0,False,83.0,DEL → HYD,2026-04-19
6F163,IndiGo,MAA,BOM,2026-04-19 06:49:41.703,2026-04-19 10:46:41.703,03:57:00,False,False,False,237.0,False,False,237.0,0.0,False,237.0,MAA → BOM,2026-04-19
SJ064,SpiceJet,CCU,DEL,2026-04-19 06:29:41.701,2026-04-19 08:43:41.701,02:14:00,False,False,False,134.0,False,False,134.0,0.0,False,134.0,CCU → DEL,2026-04-19
UK118,Vistara,HYD,BLR,2026-04-19 06:22:41.702,2026-04-19 07:22:42.000,01:00:00.298000,False,False,False,60.00496666666666,False,False,60.00496666666666,0.0,False,60.00496666666666,HYD → BLR,2026-04-19
UK022,Vistara,DEL,HYD,2026-04-19 06:22:41.701,2026-04-19 10:59:41.701,04:37:00,False,False,False,277.0,False,False,277.0,0.0,False,277.0,DEL → HYD,2026-04-19
UK099,Vistara,BOM,MAA,2026-04-19 06:16:41.702,2026-04-19 10:24:41.702,04:08:00,False,False,False,248.0,False,False,248.0,0.0,False,248.0,BOM → MAA,2026-04-19
6F212,IndiGo,BLR,CCU,2026-04-19 06:10:41.703,2026-04-19 10:52:41.703,04:42:00,False,False,False,282.0,False,False,282.0,0.0,False,282.0,BLR → CCU,2026-04-19
AI023,Air India,HYD,BLR,2026-04-19 06:10:41.701,2026-04-19 09:35:41.701,03:25:00,False,False,False,205.0,False,False,205.0,0.0,False,205.0,HYD → BLR,2026-04-19
SJ245,SpiceJet,BOM,DEL,2026-04-19 06:07:41.704,2026-04-19 09:39:41.704,03:32:00,False,False,False,212.0,False,False,212.0,0.0,False,212.0,BOM → DEL,2026-04-19
6F066,IndiGo,BLR,HYD,2026-04-19 06:07:41.701,2026-04-19 07:43:41.701,01:36:00,False,False,False,96.0,False,False,96.0,0.0,False,96.0,BLR → HYD,2026-04-19
AI138,Air India,DEL,CCU,2026-04-19 05:50:41.702,2026-04-19 06:40:41.702,00:50:00,False,False,False,50.0,False,False,50.0,0.0,False,50.0,DEL → CCU,2026-04-19
SJ021,SpiceJet,HYD,BLR,2026-04-19 05:48:41.701,2026-04-19 09:46:41.701,03:58:00,False,False,False,238.0,False,False,238.0,0.0,False,238.0,HYD → BLR,2026-04-19
SJ136,SpiceJet,HYD,BLR,2026-04-19 05:45:41.702,2026-04-19 08:04:41.702,02:19:00,False,False,False,139.0,False,False,139.0,0.0,False,139.0,HYD → BLR,2026-04-19
AI148,Air India,HYD,MAA,2026-04-19 05:41:41.703,2026-04-19 08:32:41.703,02:51:00,False,False,False,171.0,False,False,171.0,0.0,False,171.0,HYD → MAA,2026-04-19
SJ014,SpiceJet,BOM,HYD,2026-04-19 05:40:41.701,2026-04-19 06:39:41.701,00:59:00,False,False,False,59.0,False,False,59.0,0.0,False,59.0,BOM → HYD,2026-04-19
6F104,IndiGo,CCU,BOM,2026-04-19 05:39:41.702,2026-04-19 06:14:41.702,00:35:00,False,False,False,35.0,False,False,35.0,0.0,False,35.0,CCU → BOM,2026-04-19
SJ121,SpiceJet,CCU,DEL,2026-04-19 05:32:41.702,2026-04-19 06:47:41.702,01:15:00,False,False,False,75.0,False,False,75.0,0.0,False,75.0,CCU → DEL,2026-04-19
UK174,Vistara,CCU,DEL,2026-04-19 05:27:41.703,2026-04-19 07:47:41.703,02:20:00,False,False,False,140.0,False,False,140.0,0.0,False,140.0,CCU → DEL,2026-04-19
AI033,Air India,MAA,CCU,2026-04-19 05:25:41.701,2026-04-19 10:21:41.701,04:56:00,False,False,False,296.0,False,False,296.0,0.0,False,296.0,MAA → CCU,2026-04-19
SJ122,SpiceJet,CCU,BOM,2026-04-19 05:22:41.702,2026-04-19 10:09:41.702,04:47:00,False,False,False,287.0,False,False,287.0,0.0,False,287.0,CCU → BOM,2026-04-19
UK095,Vistara,BOM,MAA,2026-04-19 05:22:41.702,2026-04-19 07:36:41.702,02:14:00,False,False,False,134.0,False,False,134.0,0.0,False,134.0,BOM → MAA,2026-04-19
SJ026,SpiceJet,CCU,MAA,2026-04-19 05:22:41.701,2026-04-19 09:40:41.701,04:18:00,False,False,False,258.0,False,False,258.0,0.0,False,258.0,CCU → MAA,2026-04-19
6F221,IndiGo,MAA,DEL,2026-04-19 05:20:41.704,2026-04-19 08:52:41.704,03:32:00,False,False,False,212.0,False,False,212.0,0.0,False,212.0,MAA → DEL,2026-04-19
SJ103,SpiceJet,MAA,BLR,2026-04-19 05:16:41.702,2026-04-19 08:56:41.702,03:40:00,False,False,False,220.0,False,False,220.0,0.0,False,220.0,MAA → BLR,2026-04-19
SJ011,SpiceJet,BOM,MAA,2026-04-19 05:14:41.701,2026-04-19 09:59:41.701,04:45:00,False,False,False,285.0,False,False,285.0,0.0,False,285.0,BOM → MAA,2026-04-19
AI002,Air India,HYD,BLR,2026-04-19 05:12:41.700,2026-04-19 07:12:41.700,02:00:00,False,False,False,120.0,False,False,120.0,0.0,False,120.0,HYD → BLR,2026-04-19
AI046,UNKNOWN,DEL,BOM,2026-04-19 05:09:41.701,2026-04-19 08:00:41.701,02:51:00,False,True,False,171.0,False,False,171.0,0.0,False,171.0,DEL → BOM,2026-04-19
SJ053,SpiceJet,CCU,DEL,2026-04-19 05:00:41.701,2026-04-19 06:38:41.701,01:38:00,False,False,False,98.0,False,False,98.0,0.0,False,98.0,CCU → DEL,2026-04-19
AI236,Air India,DEL,BOM,2026-04-19 04:52:41.704,2026-04-19 09:11:41.704,04:19:00,False,False,False,259.0,False,False,259.0,0.0,False,259.0,DEL → BOM,2026-04-19
AI254,Air India,CCU,HYD,2026-04-19 04:46:41.704,2026-04-19 08:06:41.704,03:20:00,False,False,False,200.0,False,False,200.0,0.0,False,200.0,CCU → HYD,2026-04-19
6F063,IndiGo,DEL,HYD,2026-04-19 04:42:41.701,2026-04-19 07:31:41.701,02:49:00,False,False,False,169.0,False,False,169.0,0.0,False,169.0,DEL → HYD,2026-04-19
6F115,IndiGo,MAA,BLR,2026-04-19 04:41:41.702,2026-04-19 06:23:41.702,01:42:00,False,False,False,102.0,False,False,102.0,0.0,False,102.0,MAA → BLR,2026-04-19
UK070,Vistara,BOM,DEL,2026-04-19 04:36:41.701,2026-04-19 06:49:41.701,02:13:00,False,False,False,133.0,False,False,133.0,0.0,False,133.0,BOM → DEL,2026-04-19
SJ147,SpiceJet,BLR,CCU,2026-04-19 04:30:41.702,2026-04-19 08:52:41.702,04:22:00,False,False,False,262.0,False,False,262.0,0.0,False,262.0,BLR → CCU,2026-04-19
UK201,Vistara,HYD,BOM,2026-04-19 04:29:41.703,2026-04-19 06:42:41.703,02:13:00,False,False,False,133.0,False,False,133.0,0.0,False,133.0,HYD → BOM,2026-04-19
SJ234,SpiceJet,BLR,CCU,2026-04-19 04:20:41.704,2026-04-19 06:23:41.704,02:03:00,False,False,False,123.0,False,False,123.0,0.0,False,123.0,BLR → CCU,2026-04-19
AI176,Air India,BLR,DEL,2026-04-19 04:20:41.703,2026-04-19 06:25:41.703,02:05:00,False,False,False,125.0,False,False,125.0,0.0,False,125.0,BLR → DEL,2026-04-19
SJ045,SpiceJet,DEL,MAA,2026-04-19 04:16:41.701,2026-04-19 09:03:41.701,04:47:00,False,False,False,287.0,False,False,287.0,0.0,False,287.0,DEL → MAA,2026-04-19
SJ174,SpiceJet,CCU,DEL,2026-04-19 04:09:41.703,2026-04-19 05:04:41.703,00:55:00,False,False,False,55.0,False,False,55.0,0.0,False,55.0,CCU → DEL,2026-04-19
AI007,Air India,MAA,DEL,2026-04-19 04:01:41.701,2026-04-19 06:01:42.000,02:00:00.299000,False,False,False,120.00498333333331,False,False,120.00498333333331,0.0,False,120.00498333333333,MAA → DEL,2026-04-19
AI143,Air India,CCU,DEL,2026-04-19 03:58:41.702,2026-04-19 04:36:41.702,00:38:00,False,False,False,38.0,False,False,38.0,0.0,False,38.0,CCU → DEL,2026-04-19
SJ241,SpiceJet,DEL,HYD,2026-04-19 03:57:41.704,2026-04-19 06:36:41.704,02:39:00,False,False,False,159.0,False,False,159.0,0.0,False,159.0,DEL → HYD,2026-04-19
AI020,UNKNOWN,BOM,BLR,2026-04-19 03:53:41.701,2026-04-19 06:21:41.701,02:28:00,True,True,False,148.0,False,False,148.0,0.0,False,148.0,BOM → BLR,2026-04-19
UK031,Vistara,CCU,DEL,2026-04-19 03:45:41.701,2026-04-19 07:20:41.701,03:35:00,False,False,False,215.0,False,False,215.0,0.0,False,215.0,CCU → DEL,2026-04-19
AI013,Air India,HYD,BLR,2026-04-19 03:41:41.701,2026-04-19 04:58:41.701,01:17:00,False,False,False,77.0,False,False,77.0,0.0,False,77.0,HYD → BLR,2026-04-19
AI249,Air India,BLR,HYD,2026-04-19 03:38:41.704,2026-04-19 06:27:41.704,02:49:00,False,False,False,169.0,False,False,169.0,0.0,False,169.0,BLR → HYD,2026-04-19
UK046,Vistara,CCU,DEL,2026-04-19 03:37:41.701,2026-04-19 06:05:41.701,02:28:00,False,False,False,148.0,False,False,148.0,0.0,False,148.0,CCU → DEL,2026-04-19
UK168,Vistara,BLR,CCU,2026-04-19 03:20:41.703,2026-04-19 04:09:41.703,00:49:00,False,False,False,49.0,False,False,49.0,0.0,False,49.0,BLR → CCU,2026-04-19
AI022,Air India,BOM,MAA,2026-04-19 03:15:41.701,2026-04-19 05:10:41.701,01:55:00,False,False,False,115.0,False,False,115.0,0.0,False,115.0,BOM → MAA,2026-04-19
UK218,Vistara,MAA,BLR,2026-04-19 03:12:41.704,2026-04-19 07:22:41.704,04:10:00,False,False,False,250.0,False,False,250.0,0.0,False,250.0,MAA → BLR,2026-04-19
UK142,Vistara,BLR,DEL,2026-04-19 03:03:41.703,2026-04-19 07:13:41.703,04:10:00,False,False,False,250.0,False,False,250.0,0.0,False,250.0,BLR → DEL,2026-04-19
6F067,IndiGo,MAA,BLR,2026-04-19 02:59:41.701,2026-04-19 06:02:41.701,03:03:00,False,False,False,183.0,False,False,183.0,0.0,False,183.0,MAA → BLR,2026-04-19
SJ217,SpiceJet,BOM,CCU,2026-04-19 02:57:41.703,2026-04-19 06:04:41.703,03:07:00,False,False,False,187.0,False,False,187.0,0.0,False,187.0,BOM → CCU,2026-04-19
SJ143,SpiceJet,DEL,BOM,2026-04-19 02:55:41.702,2026-04-19 03:52:41.702,00:57:00,False,False,False,57.0,False,False,57.0,0.0,False,57.0,DEL → BOM,2026-04-19
AI243,UNKNOWN,BLR,BOM,2026-04-19 02:50:41.704,2026-04-19 05:09:41.704,02:19:00,True,True,False,139.0,False,False,139.0,0.0,False,139.0,BLR → BOM,2026-04-19
SJ246,SpiceJet,BOM,DEL,2026-04-19 02:47:41.704,2026-04-19 03:47:42.000,01:00:00.296000,False,False,False,60.004933333333334,False,False,60.004933333333334,0.0,False,60.004933333333334,BOM → DEL,2026-04-19
6F170,IndiGo,HYD,DEL,2026-04-19 02:44:41.703,2026-04-19 04:14:41.703,01:30:00,False,False,False,90.0,False,False,90.0,0.0,False,90.0,HYD → DEL,2026-04-19
UK157,Vistara,CCU,BOM,2026-04-19 02:41:41.703,2026-04-19 03:41:42.000,01:00:00.297000,False,False,False,60.00495,False,False,60.00495,0.0,False,60.00495,CCU → BOM,2026-04-19
UK172,Vistara,DEL,BOM,2026-04-19 02:20:41.703,2026-04-19 05:21:41.703,03:01:00,False,False,False,181.0,False,False,181.0,0.0,False,181.0,DEL → BOM,2026-04-19
SJ139,SpiceJet,DEL,BLR,2026-04-19 02:20:41.702,2026-04-19 06:02:41.702,03:42:00,False,False,False,222.0,False,False,222.0,0.0,False,222.0,DEL → BLR,2026-04-19
UK085,Vistara,MAA,DEL,2026-04-19 02:15:41.702,2026-04-19 03:17:41.702,01:02:00,False,False,False,62.0,False,False,62.0,0.0,False,62.0,MAA → DEL,2026-04-19
6F079,IndiGo,MAA,HYD,2026-04-19 02:14:41.702,2026-04-19 06:18:41.702,04:04:00,False,False,False,244.0,False,False,244.0,0.0,False,244.0,MAA → HYD,2026-04-19
SJ032,SpiceJet,MAA,BOM,2026-04-19 02:11:41.701,2026-04-19 04:33:41.701,02:22:00,False,False,False,142.0,False,False,142.0,0.0,False,142.0,MAA → BOM,2026-04-19
6F182,IndiGo,BOM,CCU,2026-04-19 02:10:41.703,2026-04-19 04:18:41.703,02:08:00,False,False,False,128.0,False,False,128.0,0.0,False,128.0,BOM → CCU,2026-04-19
AI106,Air India,HYD,BLR,2026-04-19 02:07:41.702,2026-04-19 03:20:41.702,01:13:00,False,False,False,73.0,False,False,73.0,0.0,False,73.0,HYD → BLR,2026-04-19
AI200,Air India,HYD,MAA,2026-04-19 02:05:41.703,2026-04-19 05:29:41.703,03:24:00,False,False,False,204.0,False,False,204.0,0.0,False,204.0,HYD → MAA,2026-04-19
6F142,IndiGo,CCU,MAA,2026-04-19 02:05:41.702,2026-04-19 06:04:41.702,03:59:00,False,False,False,239.0,False,False,239.0,0.0,False,239.0,CCU → MAA,2026-04-19
SJ079,SpiceJet,HYD,DEL,2026-04-19 01:58:41.702,2026-04-19 05:02:41.702,03:04:00,False,False,False,184.0,False,False,184.0,0.0,False,184.0,HYD → DEL,2026-04-19
SJ082,SpiceJet,BOM,DEL,2026-04-19 01:54:41.702,2026-04-19 02:33:41.702,00:39:00,False,False,False,39.0,False,False,39.0,0.0,False,39.0,BOM → DEL,2026-04-19
SJ110,SpiceJet,CCU,DEL,2026-04-19 01:47:41.702,2026-04-19 02:20:41.702,00:33:00,False,False,False,33.0,False,False,33.0,0.0,False,33.0,CCU → DEL,2026-04-19
6F262,UNKNOWN,MAA,DEL,2026-04-19 01:44:41.702,2026-04-19 02:47:41.702,01:03:00,False,True,False,63.0,False,False,63.0,0.0,False,63.0,MAA → DEL,2026-04-19
UK143,Vistara,BLR,BOM,2026-04-19 01:34:41.703,2026-04-19 02:48:41.703,01:14:00,False,False,False,74.0,False,False,74.0,0.0,False,74.0,BLR → BOM,2026-04-19
6F269,UNKNOWN,HYD,MAA,2026-04-19 01:30:41.702,2026-04-19 02:52:41.702,01:22:00,False,True,False,82.0,False,False,82.0,0.0,False,82.0,HYD → MAA,2026-04-19
6F214,IndiGo,BOM,CCU,2026-04-19 01:21:41.703,2026-04-19 05:20:41.703,03:59:00,False,False,False,239.0,False,False,239.0,0.0,False,239.0,BOM → CCU,2026-04-19
SJ213,SpiceJet,BOM,CCU,2026-04-19 01:19:41.703,2026-04-19 04:48:41.703,03:29:00,False,False,False,209.0,False,False,209.0,0.0,False,209.0,BOM → CCU,2026-04-19
SJ072,SpiceJet,DEL,HYD,2026-04-19 01:18:41.701,2026-04-19 04:08:41.701,02:50:00,False,False,False,170.0,False,False,170.0,0.0,False,170.0,DEL → HYD,2026-04-19
6F059,IndiGo,BOM,DEL,2026-04-19 01:12:41.701,2026-04-19 06:02:41.701,04:50:00,False,False,False,290.0,False,False,290.0,0.0,False,290.0,BOM → DEL,2026-04-19
UK202,Vistara,DEL,HYD,2026-04-19 01:11:41.703,2026-04-19 05:37:41.703,04:26:00,False,False,False,266.0,False,False,266.0,0.0,False,266.0,DEL → HYD,2026-04-19
UK037,Vistara,BLR,BOM,2026-04-19 01:10:41.701,2026-04-19 05:12:41.701,04:02:00,False,False,False,242.0,False,False,242.0,0.0,False,242.0,BLR → BOM,2026-04-19
UK069,Vistara,CCU,DEL,2026-04-19 01:10:41.701,2026-04-19 03:23:41.701,02:13:00,False,False,False,133.0,False,False,133.0,0.0,False,133.0,CCU → DEL,2026-04-19
SJ118,SpiceJet,DEL,BOM,2026-04-19 01:08:41.702,2026-04-19 02:33:41.702,01:25:00,False,False,False,85.0,False,False,85.0,0.0,False,85.0,DEL → BOM,2026-04-19
6F145,IndiGo,CCU,DEL,2026-04-19 01:02:41.703,2026-04-19 02:18:41.703,01:16:00,False,False,False,76.0,False,False,76.0,0.0,False,76.0,CCU → DEL,2026-04-19
UK097,Vistara,HYD,BOM,2026-04-19 00:49:41.702,2026-04-19 05:00:41.702,04:11:00,False,False,False,251.0,False,False,251.0,0.0,False,251.0,HYD → BOM,2026-04-19
6F117,IndiGo,CCU,DEL,2026-04-19 00:46:41.702,2026-04-19 01:51:41.702,01:05:00,False,False,False,65.0,False,False,65.0,0.0,False,65.0,CCU → DEL,2026-04-19
6F226,IndiGo,DEL,BOM,2026-04-19 00:38:41.704,2026-04-19 02:55:41.704,02:17:00,False,False,False,137.0,False,False,137.0,0.0,False,137.0,DEL → BOM,2026-04-19
6F050,IndiGo,DEL,BOM,2026-04-19 00:35:41.701,2026-04-19 04:32:41.701,03:57:00,False,False,False,237.0,False,False,237.0,0.0,False,237.0,DEL → BOM,2026-04-19
UK196,Vistara,BOM,HYD,2026-04-19 00:32:41.703,2026-04-19 04:49:41.703,04:17:00,False,False,False,257.0,False,False,257.0,0.0,False,257.0,BOM → HYD,2026-04-19
SJ086,SpiceJet,CCU,DEL,2026-04-19 00:32:41.702,2026-04-19 04:17:41.702,03:45:00,False,False,False,225.0,False,False,225.0,0.0,False,225.0,CCU → DEL,2026-04-19
AI134,Air India,HYD,BOM,2026-04-19 00:28:41.702,2026-04-19 04:23:41.702,03:55:00,False,False,False,235.0,False,False,235.0,0.0,False,235.0,HYD → BOM,2026-04-19
AI043,Air India,CCU,DEL,2026-04-19 00:28:41.701,2026-04-19 04:37:41.701,04:09:00,False,False,False,249.0,False,False,249.0,0.0,False,249.0,CCU → DEL,2026-04-19
UK119,Vistara,BOM,CCU,2026-04-19 00:21:41.702,2026-04-19 04:38:41.702,04:17:00,False,False,False,257.0,False,False,257.0,0.0,False,257.0,BOM → CCU,2026-04-19
SJ181,SpiceJet,BOM,BLR,2026-04-19 00:20:41.703,2026-04-19 01:49:41.703,01:29:00,False,False,False,89.0,False,False,89.0,0.0,False,89.0,BOM → BLR,2026-04-19
AI070,Air India,CCU,DEL,2026-04-19 00:05:41.702,2026-04-19 01:44:41.702,01:39:00,False,False,False,99.0,False,False,99.0,0.0,False,99.0,CCU → DEL,2026-04-19
6F233,IndiGo,BLR,BOM,2026-04-18 23:56:41.704,2026-04-19 03:53:41.704,03:57:00,False,False,False,237.0,False,True,237.0,0.0,False,237.0,BLR → BOM,2026-04-18
UK013,Vistara,BOM,MAA,2026-04-18 23:52:41.701,2026-04-19 02:52:41.701,03:00:00,False,False,False,180.0,False,True,180.0,0.0,False,180.0,BOM → MAA,2026-04-18
6F015,IndiGo,BOM,CCU,2026-04-18 23:39:41.701,2026-04-19 02:27:41.701,02:48:00,False,False,False,168.0,False,True,168.0,0.0,False,168.0,BOM → CCU,2026-04-18
SJ247,SpiceJet,DEL,BOM,2026-04-18 23:38:41.704,2026-04-19 03:43:41.704,04:05:00,False,False,False,245.0,False,True,245.0,0.0,False,245.0,DEL → BOM,2026-04-18
AI067,Air India,HYD,DEL,2026-04-18 23:36:41.701,2026-04-19 03:09:41.701,03:33:00,False,False,False,213.0,False,True,213.0,0.0,False,213.0,HYD → DEL,2026-04-18
AI211,Air India,DEL,CCU,2026-04-18 23:34:41.703,2026-04-19 01:21:41.703,01:47:00,False,False,False,107.0,False,True,107.0,0.0,False,107.0,DEL → CCU,2026-04-18
UK029,Vistara,DEL,BOM,2026-04-18 23:26:41.701,2026-04-19 02:15:41.701,02:49:00,False,False,False,169.0,False,True,169.0,0.0,False,169.0,DEL → BOM,2026-04-18
SJ200,SpiceJet,BOM,DEL,2026-04-18 23:24:41.703,2026-04-19 02:11:41.703,02:47:00,False,False,False,167.0,False,True,167.0,0.0,False,167.0,BOM → DEL,2026-04-18
6F087,IndiGo,DEL,HYD,2026-04-18 23:24:41.702,2026-04-19 03:10:41.702,03:46:00,False,False,False,226.0,False,True,226.0,0.0,False,226.0,DEL → HYD,2026-04-18
SJ210,SpiceJet,HYD,CCU,2026-04-18 23:21:41.703,2026-04-19 02:54:41.703,03:33:00,False,False,False,213.0,False,True,213.0,0.0,False,213.0,HYD → CCU,2026-04-18
AI101,Air India,DEL,BLR,2026-04-18 23:20:41.702,2026-04-19 02:23:41.702,03:03:00,False,False,False,183.0,False,True,183.0,0.0,False,183.0,DEL → BLR,2026-04-18
UK075,Vistara,MAA,CCU,2026-04-18 23:15:41.702,2026-04-19 03:54:41.702,04:39:00,False,False,False,279.0,False,True,279.0,0.0,False,279.0,MAA → CCU,2026-04-18
SJ091,SpiceJet,BLR,CCU,2026-04-18 23:10:41.702,2026-04-19 00:47:41.702,01:37:00,False,False,False,97.0,False,True,97.0,0.0,False,97.0,BLR → CCU,2026-04-18
AI251,Air India,MAA,DEL,2026-04-18 22:40:41.704,2026-04-18 23:24:41.704,00:44:00,False,False,False,44.0,False,False,44.0,0.0,False,44.0,MAA → DEL,2026-04-18
SJ042,SpiceJet,HYD,CCU,2026-04-18 22:38:41.701,2026-04-19 02:20:41.701,03:42:00,False,False,False,222.0,False,True,222.0,0.0,False,222.0,HYD → CCU,2026-04-18
UK126,Vistara,CCU,DEL,2026-04-18 22:37:41.702,2026-04-19 00:03:41.702,01:26:00,False,False,False,86.0,False,True,86.0,0.0,False,86.0,CCU → DEL,2026-04-18
6F042,IndiGo,HYD,DEL,2026-04-18 22:35:41.701,2026-04-19 02:41:41.701,04:06:00,False,False,False,246.0,False,True,246.0,0.0,False,246.0,HYD → DEL,2026-04-18
AI116,Air India,CCU,BOM,2026-04-18 22:30:41.702,2026-04-19 01:57:41.702,03:27:00,False,False,False,207.0,False,True,207.0,0.0,False,207.0,CCU → BOM,2026-04-18
SJ209,SpiceJet,BLR,BOM,2026-04-18 22:22:41.703,2026-04-19 02:03:41.703,03:41:00,False,False,False,221.0,False,True,221.0,0.0,False,221.0,BLR → BOM,2026-04-18
AI123,Air India,MAA,BOM,2026-04-18 22:19:41.702,2026-04-19 00:45:41.702,02:26:00,False,False,False,146.0,False,True,146.0,0.0,False,146.0,MAA → BOM,2026-04-18
6F016,IndiGo,HYD,BOM,2026-04-18 22:18:41.701,2026-04-18 22:54:41.701,00:36:00,False,False,False,36.0,False,False,36.0,0.0,False,36.0,HYD → BOM,2026-04-18
UK012,Vistara,MAA,BOM,2026-04-18 22:16:41.701,2026-04-19 00:25:41.701,02:09:00,False,False,False,129.0,False,True,129.0,0.0,False,129.0,MAA → BOM,2026-04-18
SJ188,SpiceJet,BLR,BOM,2026-04-18 22:15:41.703,2026-04-18 22:55:41.703,00:40:00,False,False,False,40.0,False,False,40.0,0.0,False,40.0,BLR → BOM,2026-04-18
UK096,Vistara,BLR,HYD,2026-04-18 22:11:41.702,2026-04-19 00:06:41.702,01:55:00,False,False,False,115.0,False,True,115.0,0.0,False,115.0,BLR → HYD,2026-04-18
SJ046,SpiceJet,BOM,MAA,2026-04-18 22:01:41.701,2026-04-19 01:25:41.701,03:24:00,False,False,False,204.0,False,True,204.0,0.0,False,204.0,BOM → MAA,2026-04-18
UK081,UNKNOWN,BLR,DEL,2026-04-18 22:00:41.702,2026-04-18 23:00:41.702,01:00:00,True,True,False,60.0,False,False,60.0,0.0,False,60.0,BLR → DEL,2026-04-18
UK191,Vistara,MAA,BLR,2026-04-18 21:51:41.703,2026-04-18 22:57:41.703,01:06:00,False,False,False,66.0,False,False,66.0,0.0,False,66.0,MAA → BLR,2026-04-18
6F064,IndiGo,CCU,DEL,2026-04-18 21:45:41.701,2026-04-18 22:50:41.701,01:05:00,False,False,False,65.0,False,False,65.0,0.0,False,65.0,CCU → DEL,2026-04-18
AI005,Air India,DEL,CCU,2026-04-18 21:24:41.701,2026-04-18 22:11:41.701,00:47:00,False,False,False,47.0,False,False,47.0,0.0,False,47.0,DEL → CCU,2026-04-18
6F021,IndiGo,BLR,MAA,2026-04-18 21:23:41.701,2026-04-19 01:25:41.701,04:02:00,False,False,False,242.0,False,True,242.0,0.0,False,242.0,BLR → MAA,2026-04-18
AI169,Air India,CCU,DEL,2026-04-18 21:21:41.703,2026-04-19 01:34:41.703,04:13:00,False,False,False,253.0,False,True,253.0,0.0,False,253.0,CCU → DEL,2026-04-18
UK035,Vistara,HYD,BOM,2026-04-18 21:08:41.701,2026-04-18 22:24:41.701,01:16:00,False,False,False,76.0,False,False,76.0,0.0,False,76.0,HYD → BOM,2026-04-18
AI040,Air India,HYD,BLR,2026-04-18 21:01:41.701,2026-04-18 22:42:41.701,01:41:00,False,False,False,101.0,False,False,101.0,0.0,False,101.0,HYD → BLR,2026-04-18
UK042,Vistara,MAA,BOM,2026-04-18 20:59:41.701,2026-04-19 01:38:41.701,04:39:00,False,False,False,279.0,False,True,279.0,0.0,False,279.0,MAA → BOM,2026-04-18
SJ171,SpiceJet,DEL,HYD,2026-04-18 20:52:41.703,2026-04-18 23:52:41.703,03:00:00,False,False,False,180.0,False,False,180.0,0.0,False,180.0,DEL → HYD,2026-04-18
AI250,UNKNOWN,BOM,CCU,2026-04-18 20:48:41.704,2026-04-19 00:12:41.704,03:24:00,False,True,False,204.0,False,True,204.0,0.0,False,204.0,BOM → CCU,2026-04-18
SJ195,SpiceJet,BOM,CCU,2026-04-18 20:41:41.703,2026-04-18 23:54:41.703,03:13:00,False,False,False,193.0,False,False,193.0,0.0,False,193.0,BOM → CCU,2026-04-18
UK211,Vistara,MAA,CCU,2026-04-18 20:39:41.704,2026-04-18 22:02:41.704,01:23:00,False,False,False,83.0,False,False,83.0,0.0,False,83.0,MAA → CCU,2026-04-18
UK122,Vistara,HYD,CCU,2026-04-18 20:29:42.000,2026-04-18 23:29:42.000,03:00:00,False,False,False,180.0,False,False,180.0,0.0,False,180.0,HYD → CCU,2026-04-18
AI136,Air India,BLR,DEL,2026-04-18 20:29:41.702,2026-04-18 23:48:41.702,03:19:00,False,False,False,199.0,False,False,199.0,0.0,False,199.0,BLR → DEL,2026-04-18
6F141,IndiGo,BOM,CCU,2026-04-18 20:26:41.702,2026-04-18 22:28:41.702,02:02:00,False,False,False,122.0,False,False,122.0,0.0,False,122.0,BOM → CCU,2026-04-18
6F053,IndiGo,DEL,HYD,2026-04-18 20:26:41.701,2026-04-19 00:39:41.701,04:13:00,False,False,False,253.0,False,True,253.0,0.0,False,253.0,DEL → HYD,2026-04-18
6F136,IndiGo,CCU,DEL,2026-04-18 20:24:41.702,2026-04-18 21:01:41.702,00:37:00,False,False,False,37.0,False,False,37.0,0.0,False,37.0,CCU → DEL,2026-04-18
6F009,IndiGo,BLR,CCU,2026-04-18 20:21:41.701,2026-04-18 23:36:41.701,03:15:00,False,False,False,195.0,False,False,195.0,0.0,False,195.0,BLR → CCU,2026-04-18
6F023,IndiGo,MAA,BLR,2026-04-18 20:18:41.701,2026-04-19 00:14:41.701,03:56:00,False,False,False,236.0,False,True,236.0,0.0,False,236.0,MAA → BLR,2026-04-18
UK006,Vistara,MAA,CCU,2026-04-18 20:16:41.701,2026-04-18 21:55:41.701,01:39:00,False,False,False,99.0,False,False,99.0,0.0,False,99.0,MAA → CCU,2026-04-18
SJ165,SpiceJet,CCU,BOM,2026-04-18 20:08:41.703,2026-04-18 23:18:41.703,03:10:00,False,False,False,190.0,False,False,190.0,0.0,False,190.0,CCU → BOM,2026-04-18
6F189,IndiGo,MAA,BLR,2026-04-18 20:08:41.703,2026-04-18 21:51:41.703,01:43:00,False,False,False,103.0,False,False,103.0,0.0,False,103.0,MAA → BLR,2026-04-18
AI131,Air India,MAA,BOM,2026-04-18 19:55:41.702,2026-04-18 22:35:41.702,02:40:00,False,False,False,160.0,False,False,160.0,0.0,False,160.0,MAA → BOM,2026-04-18
6F004,IndiGo,BOM,CCU,2026-04-18 19:53:41.701,2026-04-18 23:33:41.701,03:40:00,False,False,False,220.0,False,False,220.0,0.0,False,220.0,BOM → CCU,2026-04-18
AI027,Air India,BOM,MAA,2026-04-18 19:41:41.701,2026-04-18 23:23:41.701,03:42:00,False,False,False,222.0,False,False,222.0,0.0,False,222.0,BOM → MAA,2026-04-18
AI238,Air India,CCU,MAA,2026-04-18 19:25:41.704,2026-04-19 00:07:41.704,04:42:00,False,False,False,282.0,False,True,282.0,0.0,False,282.0,CCU → MAA,2026-04-18
SJ105,SpiceJet,BOM,HYD,2026-04-18 19:22:41.702,2026-04-18 22:48:41.702,03:26:00,False,False,False,206.0,False,False,206.0,0.0,False,206.0,BOM → HYD,2026-04-18
UK088,UNKNOWN,MAA,BLR,2026-04-18 19:16:41.702,2026-04-18 23:36:41.702,04:20:00,True,True,False,260.0,False,False,260.0,0.0,False,260.0,MAA → BLR,2026-04-18
6F035,IndiGo,CCU,HYD,2026-04-18 19:16:41.701,2026-04-18 23:40:41.701,04:24:00,False,False,False,264.0,False,False,264.0,0.0,False,264.0,CCU → HYD,2026-04-18
AI133,Air India,DEL,CCU,2026-04-18 19:12:41.702,2026-04-18 21:32:41.702,02:20:00,False,False,False,140.0,False,False,140.0,0.0,False,140.0,DEL → CCU,2026-04-18
AI001,Air India,DEL,HYD,2026-04-18 19:00:41.700,2026-04-18 22:03:41.700,03:03:00,False,False,False,183.0,False,False,183.0,0.0,False,183.0,DEL → HYD,2026-04-18
SJ133,SpiceJet,BOM,CCU,2026-04-18 18:50:41.702,2026-04-18 21:29:41.702,02:39:00,False,False,False,159.0,False,False,159.0,0.0,False,159.0,BOM → CCU,2026-04-18
SJ216,SpiceJet,BOM,CCU,2026-04-18 18:35:41.703,2026-04-18 21:31:41.703,02:56:00,False,False,False,176.0,False,False,176.0,0.0,False,176.0,BOM → CCU,2026-04-18
SJ225,UNKNOWN,DEL,HYD,2026-04-18 18:16:41.704,2026-04-18 20:53:41.704,02:37:00,True,True,False,157.0,False,False,157.0,0.0,False,157.0,DEL → HYD,2026-04-18
AI147,Air India,HYD,CCU,2026-04-18 18:14:41.703,2026-04-18 20:10:41.703,01:56:00,False,False,False,116.0,False,False,116.0,0.0,False,116.0,HYD → CCU,2026-04-18
SJ054,SpiceJet,MAA,BLR,2026-04-18 18:13:41.701,2026-04-18 22:46:41.701,04:33:00,False,False,False,273.0,False,False,273.0,0.0,False,273.0,MAA → BLR,2026-04-18
6F197,IndiGo,BOM,BLR,2026-04-18 17:59:41.703,2026-04-18 22:44:41.703,04:45:00,False,False,False,285.0,False,False,285.0,0.0,False,285.0,BOM → BLR,2026-04-18
SJ066,SpiceJet,HYD,CCU,2026-04-18 17:47:41.701,2026-04-18 19:03:41.701,01:16:00,False,False,False,76.0,False,False,76.0,0.0,False,76.0,HYD → CCU,2026-04-18
SJ183,SpiceJet,CCU,DEL,2026-04-18 17:44:41.703,2026-04-18 19:40:41.703,01:56:00,False,False,False,116.0,False,False,116.0,0.0,False,116.0,CCU → DEL,2026-04-18
SJ151,SpiceJet,BOM,CCU,2026-04-18 17:44:41.702,2026-04-18 19:16:41.702,01:32:00,False,False,False,92.0,False,False,92.0,0.0,False,92.0,BOM → CCU,2026-04-18
SJ071,SpiceJet,CCU,MAA,2026-04-18 17:43:41.701,2026-04-18 19:32:41.701,01:49:00,False,False,False,109.0,False,False,109.0,0.0,False,109.0,CCU → MAA,2026-04-18
SJ102,SpiceJet,MAA,CCU,2026-04-18 17:26:41.702,2026-04-18 18:58:41.702,01:32:00,False,False,False,92.0,False,False,92.0,0.0,False,92.0,MAA → CCU,2026-04-18
AI209,Air India,BLR,CCU,2026-04-18 17:25:41.703,2026-04-18 18:37:41.703,01:12:00,False,False,False,72.0,False,False,72.0,0.0,False,72.0,BLR → CCU,2026-04-18
6F111,IndiGo,HYD,DEL,2026-04-18 17:09:41.702,2026-04-18 20:02:41.702,02:53:00,False,False,False,173.0,False,False,173.0,0.0,False,173.0,HYD → DEL,2026-04-18
AI050,Air India,BLR,BOM,2026-04-18 17:07:41.701,2026-04-18 19:42:41.701,02:35:00,False,False,False,155.0,False,False,155.0,0.0,False,155.0,BLR → BOM,2026-04-18
SJ189,SpiceJet,HYD,BLR,2026-04-18 17:05:41.703,2026-04-18 22:01:41.703,04:56:00,False,False,False,296.0,False,False,296.0,0.0,False,296.0,HYD → BLR,2026-04-18
UK112,UNKNOWN,CCU,DEL,2026-04-18 17:05:41.702,2026-04-18 19:47:41.702,02:42:00,False,True,False,162.0,False,False,162.0,0.0,False,162.0,CCU → DEL,2026-04-18
6F171,IndiGo,DEL,BLR,2026-04-18 17:03:41.703,2026-04-18 18:12:41.703,01:09:00,False,False,False,69.0,False,False,69.0,0.0,False,69.0,DEL → BLR,2026-04-18
AI011,Air India,CCU,BOM,2026-04-18 16:58:41.701,2026-04-18 21:01:41.701,04:03:00,False,False,False,243.0,False,False,243.0,0.0,False,243.0,CCU → BOM,2026-04-18
6F027,IndiGo,BLR,DEL,2026-04-18 16:52:41.701,2026-04-18 18:21:41.701,01:29:00,False,False,False,89.0,False,False,89.0,0.0,False,89.0,BLR → DEL,2026-04-18
UK082,Vistara,DEL,BOM,2026-04-18 16:50:41.702,2026-04-18 21:21:41.702,04:31:00,False,False,False,271.0,False,False,271.0,0.0,False,271.0,DEL → BOM,2026-04-18
UK138,Vistara,DEL,BLR,2026-04-18 16:47:41.703,2026-04-18 19:36:41.703,02:49:00,False,False,False,169.0,False,False,169.0,0.0,False,169.0,DEL → BLR,2026-04-18
UK198,Vistara,DEL,BLR,2026-04-18 16:43:41.703,2026-04-18 18:18:41.703,01:35:00,False,False,False,95.0,False,False,95.0,0.0,False,95.0,DEL → BLR,2026-04-18
6F039,IndiGo,MAA,CCU,2026-04-18 16:43:41.701,2026-04-18 21:01:41.701,04:18:00,False,False,False,258.0,False,False,258.0,0.0,False,258.0,MAA → CCU,2026-04-18
6F157,IndiGo,MAA,CCU,2026-04-18 16:37:41.703,2026-04-18 18:04:41.703,01:27:00,False,False,False,87.0,False,False,87.0,0.0,False,87.0,MAA → CCU,2026-04-18
SJ024,SpiceJet,DEL,MAA,2026-04-18 16:29:41.701,2026-04-18 20:21:41.701,03:52:00,False,False,False,232.0,False,False,232.0,0.0,False,232.0,DEL → MAA,2026-04-18
6F167,IndiGo,BLR,BOM,2026-04-18 16:26:41.703,2026-04-18 17:50:41.703,01:24:00,False,False,False,84.0,False,False,84.0,0.0,False,84.0,BLR → BOM,2026-04-18
AI197,Air India,BOM,CCU,2026-04-18 16:25:41.703,2026-04-18 20:00:41.703,03:35:00,False,False,False,215.0,False,False,215.0,0.0,False,215.0,BOM → CCU,2026-04-18
SJ211,SpiceJet,MAA,BOM,2026-04-18 16:22:41.703,2026-04-18 18:34:41.703,02:12:00,False,False,False,132.0,False,False,132.0,0.0,False,132.0,MAA → BOM,2026-04-18
6F055,IndiGo,DEL,CCU,2026-04-18 16:21:41.701,2026-04-18 18:49:41.701,02:28:00,False,False,False,148.0,False,False,148.0,0.0,False,148.0,DEL → CCU,2026-04-18
AI253,Air India,BLR,BOM,2026-04-18 16:13:41.704,2026-04-18 19:51:41.704,03:38:00,False,False,False,218.0,False,False,218.0,0.0,False,218.0,BLR → BOM,2026-04-18
UK060,Vistara,BLR,CCU,2026-04-18 16:09:41.701,2026-04-18 19:42:41.701,03:33:00,False,False,False,213.0,False,False,213.0,0.0,False,213.0,BLR → CCU,2026-04-18
6F257,UNKNOWN,MAA,CCU,2026-04-18 16:04:41.704,2026-04-18 19:55:41.704,03:51:00,False,True,False,231.0,False,False,231.0,0.0,False,231.0,MAA → CCU,2026-04-18
SJ135,SpiceJet,MAA,CCU,2026-04-18 16:03:41.702,2026-04-18 19:48:41.702,03:45:00,False,False,False,225.0,False,False,225.0,0.0,False,225.0,MAA → CCU,2026-04-18
AI247,Air India,BOM,CCU,2026-04-18 15:58:41.704,2026-04-18 19:02:41.704,03:04:00,False,False,False,184.0,False,False,184.0,0.0,False,184.0,BOM → CCU,2026-04-18
UK127,Vistara,BOM,HYD,2026-04-18 15:56:41.702,2026-04-18 20:00:41.702,04:04:00,False,False,False,244.0,False,False,244.0,0.0,False,244.0,BOM → HYD,2026-04-18
AI109,Air India,BLR,BOM,2026-04-18 15:53:41.702,2026-04-18 20:14:41.702,04:21:00,False,False,False,261.0,False,False,261.0,0.0,False,261.0,BLR → BOM,2026-04-18
AI057,Air India,BOM,CCU,2026-04-18 15:53:41.701,2026-04-18 19:22:41.701,03:29:00,False,False,False,209.0,False,False,209.0,0.0,False,209.0,BOM → CCU,2026-04-18
6F103,IndiGo,CCU,MAA,2026-04-18 15:37:41.702,2026-04-18 18:32:41.702,02:55:00,False,False,False,175.0,False,False,175.0,0.0,False,175.0,CCU → MAA,2026-04-18
SJ144,SpiceJet,BLR,BOM,2026-04-18 15:35:41.702,2026-04-18 19:12:41.702,03:37:00,False,False,False,217.0,False,False,217.0,0.0,False,217.0,BLR → BOM,2026-04-18
6F076,IndiGo,CCU,HYD,2026-04-18 15:35:41.702,2026-04-18 16:20:41.702,00:45:00,False,False,False,45.0,False,False,45.0,0.0,False,45.0,CCU → HYD,2026-04-18
6F240,IndiGo,DEL,HYD,2026-04-18 15:31:41.704,2026-04-18 19:56:41.704,04:25:00,False,False,False,265.0,False,False,265.0,0.0,False,265.0,DEL → HYD,2026-04-18
UK057,Vistara,CCU,DEL,2026-04-18 15:25:41.701,2026-04-18 20:04:41.701,04:39:00,False,False,False,279.0,False,False,279.0,0.0,False,279.0,CCU → DEL,2026-04-18
AI201,Air India,BLR,CCU,2026-04-18 15:19:41.703,2026-04-18 16:40:41.703,01:21:00,False,False,False,81.0,False,False,81.0,0.0,False,81.0,BLR → CCU,2026-04-18
SJ242,SpiceJet,BLR,HYD,2026-04-18 14:55:41.704,2026-04-18 17:42:41.704,02:47:00,False,False,False,167.0,False,False,167.0,0.0,False,167.0,BLR → HYD,2026-04-18
6F037,IndiGo,BOM,MAA,2026-04-18 14:51:41.701,2026-04-18 17:23:41.701,02:32:00,False,False,False,152.0,False,False,152.0,0.0,False,152.0,BOM → MAA,2026-04-18
SJ132,SpiceJet,MAA,DEL,2026-04-18 14:44:41.702,2026-04-18 15:36:41.702,00:52:00,False,False,False,52.0,False,False,52.0,0.0,False,52.0,MAA → DEL,2026-04-18
AI055,Air India,CCU,BOM,2026-04-18 14:39:41.701,2026-04-18 16:18:41.701,01:39:00,False,False,False,99.0,False,False,99.0,0.0,False,99.0,CCU → BOM,2026-04-18
6F252,UNKNOWN,MAA,BLR,2026-04-18 14:25:41.701,2026-04-18 18:52:41.701,04:27:00,False,True,False,267.0,False,False,267.0,0.0,False,267.0,MAA → BLR,2026-04-18
AI183,Air India,DEL,CCU,2026-04-18 14:24:41.703,2026-04-18 16:06:41.703,01:42:00,False,False,False,102.0,False,False,102.0,0.0,False,102.0,DEL → CCU,2026-04-18
SJ125,SpiceJet,DEL,BLR,2026-04-18 14:21:41.702,2026-04-18 16:55:41.702,02:34:00,False,False,False,154.0,False,False,154.0,0.0,False,154.0,DEL → BLR,2026-04-18
SJ087,SpiceJet,BOM,DEL,2026-04-18 14:20:41.702,2026-04-18 19:09:41.702,04:49:00,False,False,False,289.0,False,False,289.0,0.0,False,289.0,BOM → DEL,2026-04-18
UK182,Vistara,HYD,CCU,2026-04-18 14:19:41.703,2026-04-18 18:25:41.703,04:06:00,False,False,False,246.0,False,False,246.0,0.0,False,246.0,HYD → CCU,2026-04-18
AI016,Air India,BOM,CCU,2026-04-18 14:15:41.701,2026-04-18 18:38:41.701,04:23:00,False,False,False,263.0,False,False,263.0,0.0,False,263.0,BOM → CCU,2026-04-18
6F107,IndiGo,CCU,BLR,2026-04-18 14:14:41.702,2026-04-18 17:14:42.000,03:00:00.298000,False,False,False,180.0049666666667,False,False,180.0049666666667,0.0,False,180.0049666666667,CCU → BLR,2026-04-18
AI026,Air India,DEL,BOM,2026-04-18 14:14:41.701,2026-04-18 15:13:41.701,00:59:00,False,False,False,59.0,False,False,59.0,0.0,False,59.0,DEL → BOM,2026-04-18
AI177,Air India,CCU,HYD,2026-04-18 14:11:41.703,2026-04-18 16:26:41.703,02:15:00,False,False,False,135.0,False,False,135.0,0.0,False,135.0,CCU → HYD,2026-04-18
AI041,Air India,BOM,BLR,2026-04-18 14:08:41.701,2026-04-18 15:59:41.701,01:51:00,False,False,False,111.0,False,False,111.0,0.0,False,111.0,BOM → BLR,2026-04-18
6F264,UNKNOWN,DEL,HYD,2026-04-18 14:03:41.701,2026-04-18 18:23:41.701,04:20:00,True,True,False,260.0,False,False,260.0,0.0,False,260.0,DEL → HYD,2026-04-18
6F222,IndiGo,HYD,MAA,2026-04-18 14:01:41.704,2026-04-18 16:11:41.704,02:10:00,False,False,False,130.0,False,False,130.0,0.0,False,130.0,HYD → MAA,2026-04-18
AI004,Air India,HYD,MAA,2026-04-18 13:58:41.701,2026-04-18 18:12:41.701,04:14:00,False,False,False,254.0,False,False,254.0,0.0,False,254.0,HYD → MAA,2026-04-18
SJ126,SpiceJet,DEL,BLR,2026-04-18 13:47:41.702,2026-04-18 16:31:41.702,02:44:00,False,False,False,164.0,False,False,164.0,0.0,False,164.0,DEL → BLR,2026-04-18
SJ220,SpiceJet,BOM,CCU,2026-04-18 13:45:41.703,2026-04-18 15:21:41.703,01:36:00,False,False,False,96.0,False,False,96.0,0.0,False,96.0,BOM → CCU,2026-04-18
AI204,Air India,CCU,MAA,2026-04-18 13:40:41.703,2026-04-18 18:38:41.703,04:58:00,False,False,False,298.0,False,False,298.0,0.0,False,298.0,CCU → MAA,2026-04-18
UK098,Vistara,CCU,DEL,2026-04-18 13:38:41.702,2026-04-18 17:54:41.702,04:16:00,False,False,False,256.0,False,False,256.0,0.0,False,256.0,CCU → DEL,2026-04-18
AI090,Air India,MAA,CCU,2026-04-18 13:37:41.702,2026-04-18 16:11:41.702,02:34:00,False,False,False,154.0,False,False,154.0,0.0,False,154.0,MAA → CCU,2026-04-18
AI092,Air India,CCU,BOM,2026-04-18 13:36:41.702,2026-04-18 16:20:41.702,02:44:00,False,False,False,164.0,False,False,164.0,0.0,False,164.0,CCU → BOM,2026-04-18
AI049,Air India,CCU,MAA,2026-04-18 13:35:41.701,2026-04-18 15:48:41.701,02:13:00,False,False,False,133.0,False,False,133.0,0.0,False,133.0,CCU → MAA,2026-04-18
UK117,Vistara,BLR,BOM,2026-04-18 13:17:41.702,2026-04-18 16:54:41.702,03:37:00,False,False,False,217.0,False,False,217.0,0.0,False,217.0,BLR → BOM,2026-04-18
6F227,IndiGo,MAA,BOM,2026-04-18 13:16:41.704,2026-04-18 17:41:41.704,04:25:00,False,False,False,265.0,False,False,265.0,0.0,False,265.0,MAA → BOM,2026-04-18
AI228,Air India,BLR,BOM,2026-04-18 13:16:41.703,2026-04-18 17:44:41.703,04:28:00,False,False,False,268.0,False,False,268.0,0.0,False,268.0,BLR → BOM,2026-04-18
SJ164,SpiceJet,CCU,MAA,2026-04-18 13:14:41.703,2026-04-18 15:14:42.000,02:00:00.297000,False,False,False,120.00495,False,False,120.00495,0.0,False,120.00495,CCU → MAA,2026-04-18
AI018,Air India,BOM,CCU,2026-04-18 13:12:41.701,2026-04-18 18:04:41.701,04:52:00,False,False,False,292.0,False,False,292.0,0.0,False,292.0,BOM → CCU,2026-04-18
UK192,Vistara,HYD,DEL,2026-04-18 12:54:41.703,2026-04-18 13:54:42.000,01:00:00.297000,False,False,False,60.00495,False,False,60.00495,0.0,False,60.00495,HYD → DEL,2026-04-18
SJ224,SpiceJet,DEL,MAA,2026-04-18 12:41:41.703,2026-04-18 15:33:41.703,02:52:00,False,False,False,172.0,False,False,172.0,0.0,False,172.0,DEL → MAA,2026-04-18
UK050,Vistara,BOM,DEL,2026-04-18 12:39:41.701,2026-04-18 13:18:41.701,00:39:00,False,False,False,39.0,False,False,39.0,0.0,False,39.0,BOM → DEL,2026-04-18
SJ159,SpiceJet,CCU,DEL,2026-04-18 12:22:41.703,2026-04-18 14:05:41.703,01:43:00,False,False,False,103.0,False,False,103.0,0.0,False,103.0,CCU → DEL,2026-04-18
UK038,Vistara,MAA,CCU,2026-04-18 12:22:41.701,2026-04-18 15:31:41.701,03:09:00,False,False,False,189.0,False,False,189.0,0.0,False,189.0,MAA → CCU,2026-04-18
6F192,IndiGo,CCU,BLR,2026-04-18 12:20:41.703,2026-04-18 16:45:41.703,04:25:00,False,False,False,265.0,False,False,265.0,0.0,False,265.0,CCU → BLR,2026-04-18
6F173,IndiGo,BOM,CCU,2026-04-18 12:19:41.703,2026-04-18 13:08:41.703,00:49:00,False,False,False,49.0,False,False,49.0,0.0,False,49.0,BOM → CCU,2026-04-18
AI185,Air India,CCU,BOM,2026-04-18 12:16:41.703,2026-04-18 16:18:41.703,04:02:00,False,False,False,242.0,False,False,242.0,0.0,False,242.0,CCU → BOM,2026-04-18
SJ152,SpiceJet,BOM,DEL,2026-04-18 12:09:41.702,2026-04-18 13:50:41.702,01:41:00,False,False,False,101.0,False,False,101.0,0.0,False,101.0,BOM → DEL,2026-04-18
AI215,Air India,BLR,DEL,2026-04-18 12:07:41.703,2026-04-18 13:43:41.703,01:36:00,False,False,False,96.0,False,False,96.0,0.0,False,96.0,BLR → DEL,2026-04-18
AI074,Air India,CCU,BOM,2026-04-18 12:03:41.702,2026-04-18 12:50:41.702,00:47:00,False,False,False,47.0,False,False,47.0,0.0,False,47.0,CCU → BOM,2026-04-18
6F109,IndiGo,BLR,BOM,2026-04-18 12:00:41.702,2026-04-18 12:51:41.702,00:51:00,False,False,False,51.0,False,False,51.0,0.0,False,51.0,BLR → BOM,2026-04-18
6F144,IndiGo,HYD,BOM,2026-04-18 11:56:41.702,2026-04-18 15:11:41.702,03:15:00,False,False,False,195.0,False,False,195.0,0.0,False,195.0,HYD → BOM,2026-04-18
6F210,IndiGo,HYD,DEL,2026-04-18 11:51:41.703,2026-04-18 15:58:41.703,04:07:00,False,False,False,247.0,False,False,247.0,0.0,False,247.0,HYD → DEL,2026-04-18
SJ111,SpiceJet,DEL,MAA,2026-04-18 11:47:41.702,2026-04-18 12:59:41.702,01:12:00,False,False,False,72.0,False,False,72.0,0.0,False,72.0,DEL → MAA,2026-04-18
UK092,Vistara,MAA,BLR,2026-04-18 11:42:41.702,2026-04-18 13:17:41.702,01:35:00,False,False,False,95.0,False,False,95.0,0.0,False,95.0,MAA → BLR,2026-04-18
UK009,Vistara,BOM,DEL,2026-04-18 11:34:41.701,2026-04-18 13:41:41.701,02:07:00,False,False,False,127.0,False,False,127.0,0.0,False,127.0,BOM → DEL,2026-04-18
AI170,Air India,HYD,DEL,2026-04-18 11:27:41.703,2026-04-18 15:50:41.703,04:23:00,False,False,False,263.0,False,False,263.0,0.0,False,263.0,HYD → DEL,2026-04-18
6F154,IndiGo,CCU,DEL,2026-04-18 11:26:41.703,2026-04-18 12:23:41.703,00:57:00,False,False,False,57.0,False,False,57.0,0.0,False,57.0,CCU → DEL,2026-04-18
6F161,IndiGo,MAA,DEL,2026-04-18 11:24:41.703,2026-04-18 12:21:41.703,00:57:00,False,False,False,57.0,False,False,57.0,0.0,False,57.0,MAA → DEL,2026-04-18
UK128,Vistara,BOM,CCU,2026-04-18 11:22:41.702,2026-04-18 14:11:41.702,02:49:00,False,False,False,169.0,False,False,169.0,0.0,False,169.0,BOM → CCU,2026-04-18
AI186,Air India,DEL,BOM,2026-04-18 11:11:41.703,2026-04-18 13:05:41.703,01:54:00,False,False,False,114.0,False,False,114.0,0.0,False,114.0,DEL → BOM,2026-04-18
AI099,Air India,BLR,BOM,2026-04-18 11:07:41.702,2026-04-18 13:29:41.702,02:22:00,False,False,False,142.0,False,False,142.0,0.0,False,142.0,BLR → BOM,2026-04-18
6F203,IndiGo,BLR,HYD,2026-04-18 11:05:41.703,2026-04-18 12:56:41.703,01:51:00,False,False,False,111.0,False,False,111.0,0.0,False,111.0,BLR → HYD,2026-04-18
UK139,UNKNOWN,BLR,MAA,2026-04-18 10:54:41.703,2026-04-18 14:31:41.703,03:37:00,True,True,False,217.0,False,False,217.0,0.0,False,217.0,BLR → MAA,2026-04-18
SJ008,SpiceJet,HYD,BLR,2026-04-18 10:53:41.701,2026-04-18 15:48:41.701,04:55:00,False,False,False,295.0,False,False,295.0,0.0,False,295.0,HYD → BLR,2026-04-18
AI171,Air India,MAA,BLR,2026-04-18 10:51:41.703,2026-04-18 13:34:41.703,02:43:00,False,False,False,163.0,False,False,163.0,0.0,False,163.0,MAA → BLR,2026-04-18
6F124,IndiGo,BLR,BOM,2026-04-18 10:47:41.702,2026-04-18 15:21:41.702,04:34:00,False,False,False,274.0,False,False,274.0,0.0,False,274.0,BLR → BOM,2026-04-18
6F137,IndiGo,CCU,DEL,2026-04-18 10:45:41.702,2026-04-18 15:01:41.702,04:16:00,False,False,False,256.0,False,False,256.0,0.0,False,256.0,CCU → DEL,2026-04-18
AI008,Air India,BOM,CCU,2026-04-18 10:43:41.701,2026-04-18 12:43:42.000,02:00:00.299000,False,False,False,120.00498333333331,False,False,120.00498333333331,0.0,False,120.00498333333333,BOM → CCU,2026-04-18
SJ140,UNKNOWN,HYD,DEL,2026-04-18 10:42:41.702,2026-04-18 14:30:41.702,03:48:00,False,True,False,228.0,False,False,228.0,0.0,False,228.0,HYD → DEL,2026-04-18
UK016,Vistara,DEL,CCU,2026-04-18 10:42:41.701,2026-04-18 11:22:41.701,00:40:00,False,False,False,40.0,False,False,40.0,0.0,False,40.0,DEL → CCU,2026-04-18
AI127,Air India,DEL,HYD,2026-04-18 10:37:41.702,2026-04-18 13:45:41.702,03:08:00,False,False,False,188.0,False,False,188.0,0.0,False,188.0,DEL → HYD,2026-04-18
SJ096,UNKNOWN,DEL,HYD,2026-04-18 10:29:41.702,2026-04-18 13:45:41.702,03:16:00,False,True,False,196.0,False,False,196.0,0.0,False,196.0,DEL → HYD,2026-04-18
6F048,IndiGo,HYD,DEL,2026-04-18 10:27:41.701,2026-04-18 11:18:41.701,00:51:00,False,False,False,51.0,False,False,51.0,0.0,False,51.0,HYD → DEL,2026-04-18
SJ090,SpiceJet,HYD,MAA,2026-04-18 10:24:41.702,2026-04-18 13:11:41.702,02:47:00,False,False,False,167.0,False,False,167.0,0.0,False,167.0,HYD → MAA,2026-04-18
AI014,Air India,HYD,MAA,2026-04-18 10:24:41.701,2026-04-18 13:51:41.701,03:27:00,False,False,False,207.0,False,False,207.0,0.0,False,207.0,HYD → MAA,2026-04-18
6F131,IndiGo,BLR,HYD,2026-04-18 10:22:41.702,2026-04-18 14:20:41.702,03:58:00,False,False,False,238.0,False,False,238.0,0.0,False,238.0,BLR → HYD,2026-04-18
AI130,Air India,BOM,BLR,2026-04-18 10:18:41.702,2026-04-18 12:59:41.702,02:41:00,False,False,False,161.0,False,False,161.0,0.0,False,161.0,BOM → BLR,2026-04-18
UK151,UNKNOWN,BOM,CCU,2026-04-18 10:11:41.703,2026-04-18 13:30:41.703,03:19:00,True,True,False,199.0,False,False,199.0,0.0,False,199.0,BOM → CCU,2026-04-18
6F165,IndiGo,BLR,BOM,2026-04-18 10:11:41.703,2026-04-18 11:09:41.703,00:58:00,False,False,False,58.0,False,False,58.0,0.0,False,58.0,BLR → BOM,2026-04-18
UK161,Vistara,BLR,BOM,2026-04-18 10:05:41.703,2026-04-18 12:48:41.703,02:43:00,False,False,False,163.0,False,False,163.0,0.0,False,163.0,BLR → BOM,2026-04-18
AI107,Air India,HYD,CCU,2026-04-18 10:03:41.702,2026-04-18 10:49:41.702,00:46:00,False,False,False,46.0,False,False,46.0,0.0,False,46.0,HYD → CCU,2026-04-18
SJ104,SpiceJet,HYD,DEL,2026-04-18 10:00:41.702,2026-04-18 11:00:42.000,01:00:00.298000,False,False,False,60.00496666666666,False,False,60.00496666666666,0.0,False,60.00496666666666,HYD → DEL,2026-04-18
AI042,Air India,CCU,DEL,2026-04-18 09:53:41.701,2026-04-18 10:57:41.701,01:04:00,False,False,False,64.0,False,False,64.0,0.0,False,64.0,CCU → DEL,2026-04-18
6F266,UNKNOWN,CCU,MAA,2026-04-18 09:49:41.703,2026-04-18 11:17:41.703,01:28:00,False,True,False,88.0,False,False,88.0,0.0,False,88.0,CCU → MAA,2026-04-18
6F138,IndiGo,HYD,BLR,2026-04-18 09:49:41.702,2026-04-18 12:53:41.702,03:04:00,False,False,False,184.0,False,False,184.0,0.0,False,184.0,HYD → BLR,2026-04-18
SJ219,SpiceJet,BOM,DEL,2026-04-18 09:32:41.703,2026-04-18 14:09:41.703,04:37:00,False,False,False,277.0,False,False,277.0,0.0,False,277.0,BOM → DEL,2026-04-18
UK197,Vistara,BLR,HYD,2026-04-18 09:22:41.703,2026-04-18 10:54:41.703,01:32:00,False,False,False,92.0,False,False,92.0,0.0,False,92.0,BLR → HYD,2026-04-18
6F119,IndiGo,DEL,BOM,2026-04-18 09:19:41.702,2026-04-18 11:33:41.702,02:14:00,False,False,False,134.0,False,False,134.0,0.0,False,134.0,DEL → BOM,2026-04-18
SJ058,SpiceJet,DEL,HYD,2026-04-18 08:58:41.701,2026-04-18 13:14:41.701,04:16:00,False,False,False,256.0,False,False,256.0,0.0,False,256.0,DEL → HYD,2026-04-18
AI218,Air India,BOM,CCU,2026-04-18 08:55:41.703,2026-04-18 11:55:41.703,03:00:00,False,False,False,180.0,False,False,180.0,0.0,False,180.0,BOM → CCU,2026-04-18
SJ060,SpiceJet,HYD,CCU,2026-04-18 08:51:41.701,2026-04-18 13:46:41.701,04:55:00,False,False,False,295.0,False,False,295.0,0.0,False,295.0,HYD → CCU,2026-04-18
UK121,Vistara,BLR,BOM,2026-04-18 08:36:41.702,2026-04-18 12:36:41.702,04:00:00,False,False,False,240.0,False,False,240.0,0.0,False,240.0,BLR → BOM,2026-04-18
6F208,IndiGo,CCU,BOM,2026-04-18 08:27:41.703,2026-04-18 11:34:41.703,03:07:00,False,False,False,187.0,False,False,187.0,0.0,False,187.0,CCU → BOM,2026-04-18
6F153,IndiGo,CCU,BLR,2026-04-18 08:23:41.703,2026-04-18 12:20:41.703,03:57:00,False,False,False,237.0,False,False,237.0,0.0,False,237.0,CCU → BLR,2026-04-18
AI117,Air India,HYD,BLR,2026-04-18 08:18:41.702,2026-04-18 10:09:41.702,01:51:00,False,False,False,111.0,False,False,111.0,0.0,False,111.0,HYD → BLR,2026-04-18
SJ113,SpiceJet,BLR,BOM,2026-04-18 08:10:41.702,2026-04-18 10:10:42.000,02:00:00.298000,False,False,False,120.00496666666666,False,False,120.00496666666666,0.0,False,120.00496666666666,BLR → BOM,2026-04-18
AI191,Air India,BLR,MAA,2026-04-18 07:57:41.703,2026-04-18 11:58:41.703,04:01:00,False,False,False,241.0,False,False,241.0,0.0,False,241.0,BLR → MAA,2026-04-18
6F267,UNKNOWN,DEL,MAA,2026-04-18 07:56:41.703,2026-04-18 11:49:41.703,03:53:00,False,True,False,233.0,False,False,233.0,0.0,False,233.0,DEL → MAA,2026-04-18
6F185,IndiGo,CCU,DEL,2026-04-18 07:49:41.703,2026-04-18 10:08:41.703,02:19:00,False,False,False,139.0,False,False,139.0,0.0,False,139.0,CCU → DEL,2026-04-18
AI114,Air India,CCU,DEL,2026-04-18 07:48:41.702,2026-04-18 09:03:41.702,01:15:00,False,False,False,75.0,False,False,75.0,0.0,False,75.0,CCU → DEL,2026-04-18
6F155,IndiGo,DEL,BLR,2026-04-18 07:47:41.703,2026-04-18 08:20:41.703,00:33:00,False,False,False,33.0,False,False,33.0,0.0,False,33.0,DEL → BLR,2026-04-18
UK045,Vistara,MAA,HYD,2026-04-18 07:43:41.701,2026-04-18 09:28:41.701,01:45:00,False,False,False,105.0,False,False,105.0,0.0,False,105.0,MAA → HYD,2026-04-18
AI111,Air India,MAA,CCU,2026-04-18 07:40:41.702,2026-04-18 10:39:41.702,02:59:00,False,False,False,179.0,False,False,179.0,0.0,False,179.0,MAA → CCU,2026-04-18
AI156,Air India,CCU,BOM,2026-04-18 07:39:41.703,2026-04-18 09:22:41.703,01:43:00,False,False,False,103.0,False,False,103.0,0.0,False,103.0,CCU → BOM,2026-04-18
SJ128,SpiceJet,CCU,BLR,2026-04-18 07:39:41.702,2026-04-18 10:42:41.702,03:03:00,False,False,False,183.0,False,False,183.0,0.0,False,183.0,CCU → BLR,2026-04-18
AI104,Air India,MAA,HYD,2026-04-18 07:35:41.702,2026-04-18 09:20:41.702,01:45:00,False,False,False,105.0,False,False,105.0,0.0,False,105.0,MAA → HYD,2026-04-18
6F225,IndiGo,HYD,CCU,2026-04-18 07:33:41.704,2026-04-18 12:12:41.704,04:39:00,False,False,False,279.0,False,False,279.0,0.0,False,279.0,HYD → CCU,2026-04-18
6F033,IndiGo,DEL,HYD,2026-04-18 07:08:41.701,2026-04-18 09:08:41.701,02:00:00,False,False,False,120.0,False,False,120.0,0.0,False,120.0,DEL → HYD,2026-04-18
6F244,IndiGo,MAA,CCU,2026-04-18 07:07:41.704,2026-04-18 08:31:41.704,01:24:00,False,False,False,84.0,False,False,84.0,0.0,False,84.0,MAA → CCU,2026-04-18
UK137,Vistara,BOM,MAA,2026-04-18 07:04:41.703,2026-04-18 09:14:41.703,02:10:00,False,False,False,130.0,False,False,130.0,0.0,False,130.0,BOM → MAA,2026-04-18
AI063,Air India,HYD,BLR,2026-04-18 07:03:41.701,2026-04-18 11:26:41.701,04:23:00,False,False,False,263.0,False,False,263.0,0.0,False,263.0,HYD → BLR,2026-04-18
SJ156,SpiceJet,BOM,DEL,2026-04-18 06:59:41.703,2026-04-18 07:34:41.703,00:35:00,False,False,False,35.0,False,False,35.0,0.0,False,35.0,BOM → DEL,2026-04-18
UK125,Vistara,HYD,BOM,2026-04-18 06:58:41.702,2026-04-18 11:44:41.702,04:46:00,False,False,False,286.0,False,False,286.0,0.0,False,286.0,HYD → BOM,2026-04-18
AI232,Air India,DEL,BLR,2026-04-18 06:43:41.704,2026-04-18 10:13:41.704,03:30:00,False,False,False,210.0,False,False,210.0,0.0,False,210.0,DEL → BLR,2026-04-18
AI167,Air India,BLR,DEL,2026-04-18 06:43:41.703,2026-04-18 11:10:41.703,04:27:00,False,False,False,267.0,False,False,267.0,0.0,False,267.0,BLR → DEL,2026-04-18
UK160,Vistara,BLR,BOM,2026-04-18 06:42:41.703,2026-04-18 10:58:41.703,04:16:00,False,False,False,256.0,False,False,256.0,0.0,False,256.0,BLR → BOM,2026-04-18
UK129,Vistara,HYD,MAA,2026-04-18 06:29:41.702,2026-04-18 07:29:42.000,01:00:00.298000,False,False,False,60.00496666666666,False,False,60.00496666666666,0.0,False,60.00496666666666,HYD → MAA,2026-04-18
SJ230,SpiceJet,BOM,CCU,2026-04-18 06:22:41.704,2026-04-18 10:57:41.704,04:35:00,False,False,False,275.0,False,False,275.0,0.0,False,275.0,BOM → CCU,2026-04-18
SJ056,SpiceJet,HYD,DEL,2026-04-18 06:11:41.701,2026-04-18 07:10:41.701,00:59:00,False,False,False,59.0,False,False,59.0,0.0,False,59.0,HYD → DEL,2026-04-18
SJ137,SpiceJet,CCU,DEL,2026-04-18 06:08:41.702,2026-04-18 10:14:41.702,04:06:00,False,False,False,246.0,False,False,246.0,0.0,False,246.0,CCU → DEL,2026-04-18
6F081,IndiGo,MAA,BLR,2026-04-18 06:04:41.702,2026-04-18 07:43:41.702,01:39:00,False,False,False,99.0,False,False,99.0,0.0,False,99.0,MAA → BLR,2026-04-18
6F088,IndiGo,CCU,BLR,2026-04-18 05:51:41.702,2026-04-18 08:22:41.702,02:31:00,False,False,False,151.0,False,False,151.0,0.0,False,151.0,CCU → BLR,2026-04-18
6F121,IndiGo,HYD,MAA,2026-04-18 05:44:41.702,2026-04-18 10:42:41.702,04:58:00,False,False,False,298.0,False,False,298.0,0.0,False,298.0,HYD → MAA,2026-04-18
UK214,Vistara,HYD,DEL,2026-04-18 05:30:41.704,2026-04-18 09:10:41.704,03:40:00,False,False,False,220.0,False,False,220.0,0.0,False,220.0,HYD → DEL,2026-04-18
6F060,IndiGo,DEL,BLR,2026-04-18 05:29:41.701,2026-04-18 07:29:42.000,02:00:00.299000,False,False,False,120.00498333333331,False,False,120.00498333333331,0.0,False,120.00498333333333,DEL → BLR,2026-04-18
SJ101,SpiceJet,CCU,DEL,2026-04-18 05:17:41.702,2026-04-18 06:57:41.702,01:40:00,False,False,False,100.0,False,False,100.0,0.0,False,100.0,CCU → DEL,2026-04-18
AI017,Air India,CCU,BOM,2026-04-18 05:15:41.701,2026-04-18 08:48:41.701,03:33:00,False,False,False,213.0,False,False,213.0,0.0,False,213.0,CCU → BOM,2026-04-18
6F120,IndiGo,BLR,BOM,2026-04-18 05:14:41.702,2026-04-18 06:14:41.702,01:00:00,False,False,False,60.0,False,False,60.0,0.0,False,60.0,BLR → BOM,2026-04-18
6F217,IndiGo,BLR,BOM,2026-04-18 05:13:41.704,2026-04-18 08:01:41.704,02:48:00,False,False,False,168.0,False,False,168.0,0.0,False,168.0,BLR → BOM,2026-04-18
AI194,Air India,MAA,BLR,2026-04-18 05:09:41.703,2026-04-18 09:38:41.703,04:29:00,False,False,False,269.0,False,False,269.0,0.0,False,269.0,MAA → BLR,2026-04-18
AI095,Air India,DEL,MAA,2026-04-18 05:00:41.702,2026-04-18 08:18:41.702,03:18:00,False,False,False,198.0,False,False,198.0,0.0,False,198.0,DEL → MAA,2026-04-18
SJ190,SpiceJet,BOM,CCU,2026-04-18 04:57:41.703,2026-04-18 09:25:41.703,04:28:00,False,False,False,268.0,False,False,268.0,0.0,False,268.0,BOM → CCU,2026-04-18
6F139,IndiGo,HYD,MAA,2026-04-18 04:55:41.702,2026-04-18 08:17:41.702,03:22:00,False,False,False,202.0,False,False,202.0,0.0,False,202.0,HYD → MAA,2026-04-18
6F062,IndiGo,CCU,DEL,2026-04-18 04:55:41.701,2026-04-18 06:22:41.701,01:27:00,False,False,False,87.0,False,False,87.0,0.0,False,87.0,CCU → DEL,2026-04-18
UK011,Vistara,CCU,DEL,2026-04-18 04:41:41.701,2026-04-18 06:25:41.701,01:44:00,False,False,False,104.0,False,False,104.0,0.0,False,104.0,CCU → DEL,2026-04-18
6F100,IndiGo,BOM,BLR,2026-04-18 04:40:41.702,2026-04-18 07:49:41.702,03:09:00,False,False,False,189.0,False,False,189.0,0.0,False,189.0,BOM → BLR,2026-04-18
6F228,IndiGo,HYD,MAA,2026-04-18 04:36:41.704,2026-04-18 09:27:41.704,04:51:00,False,False,False,291.0,False,False,291.0,0.0,False,291.0,HYD → MAA,2026-04-18
UK033,Vistara,HYD,DEL,2026-04-18 04:34:41.701,2026-04-18 09:18:41.701,04:44:00,False,False,False,284.0,False,False,284.0,0.0,False,284.0,HYD → DEL,2026-04-18
SJ231,SpiceJet,DEL,BLR,2026-04-18 04:23:41.704,2026-04-18 05:48:41.704,01:25:00,False,False,False,85.0,False,False,85.0,0.0,False,85.0,DEL → BLR,2026-04-18
AI166,Air India,BOM,CCU,2026-04-18 04:20:41.703,2026-04-18 07:23:41.703,03:03:00,False,False,False,183.0,False,False,183.0,0.0,False,183.0,BOM → CCU,2026-04-18
SJ176,SpiceJet,DEL,BOM,2026-04-18 04:15:41.703,2026-04-18 06:17:41.703,02:02:00,False,False,False,122.0,False,False,122.0,0.0,False,122.0,DEL → BOM,2026-04-18
SJ065,SpiceJet,MAA,BLR,2026-04-18 04:10:41.701,2026-04-18 06:54:41.701,02:44:00,False,False,False,164.0,False,False,164.0,0.0,False,164.0,MAA → BLR,2026-04-18
6F160,IndiGo,MAA,BLR,2026-04-18 04:09:41.703,2026-04-18 08:26:41.703,04:17:00,False,False,False,257.0,False,False,257.0,0.0,False,257.0,MAA → BLR,2026-04-18
AI089,Air India,CCU,BOM,2026-04-18 04:05:41.702,2026-04-18 04:47:41.702,00:42:00,False,False,False,42.0,False,False,42.0,0.0,False,42.0,CCU → BOM,2026-04-18
UK226,Vistara,MAA,HYD,2026-04-18 03:58:41.704,2026-04-18 05:01:41.704,01:03:00,False,False,False,63.0,False,False,63.0,0.0,False,63.0,MAA → HYD,2026-04-18
SJ123,SpiceJet,BOM,CCU,2026-04-18 03:57:41.702,2026-04-18 05:25:41.702,01:28:00,False,False,False,88.0,False,False,88.0,0.0,False,88.0,BOM → CCU,2026-04-18
AI054,Air India,HYD,CCU,2026-04-18 03:44:41.701,2026-04-18 08:10:41.701,04:26:00,False,False,False,266.0,False,False,266.0,0.0,False,266.0,HYD → CCU,2026-04-18
UK019,Vistara,BOM,HYD,2026-04-18 03:41:41.701,2026-04-18 04:35:41.701,00:54:00,False,False,False,54.0,False,False,54.0,0.0,False,54.0,BOM → HYD,2026-04-18
UK032,Vistara,BLR,BOM,2026-04-18 03:31:41.701,2026-04-18 07:28:41.701,03:57:00,False,False,False,237.0,False,False,237.0,0.0,False,237.0,BLR → BOM,2026-04-18
SJ100,SpiceJet,MAA,BLR,2026-04-18 03:28:41.702,2026-04-18 06:50:41.702,03:22:00,False,False,False,202.0,False,False,202.0,0.0,False,202.0,MAA → BLR,2026-04-18
SJ094,SpiceJet,MAA,HYD,2026-04-18 03:23:41.702,2026-04-18 08:07:41.702,04:44:00,False,False,False,284.0,False,False,284.0,0.0,False,284.0,MAA → HYD,2026-04-18
6F101,IndiGo,BOM,MAA,2026-04-18 03:18:41.702,2026-04-18 08:15:41.702,04:57:00,False,False,False,297.0,False,False,297.0,0.0,False,297.0,BOM → MAA,2026-04-18
6F006,IndiGo,BOM,BLR,2026-04-18 03:06:41.701,2026-04-18 05:06:42.000,02:00:00.299000,False,False,False,120.00498333333331,False,False,120.00498333333331,0.0,False,120.00498333333333,BOM → BLR,2026-04-18
AI006,Air India,BOM,BLR,2026-04-18 03:04:41.701,2026-04-18 05:54:41.701,02:50:00,False,False,False,170.0,False,False,170.0,0.0,False,170.0,BOM → BLR,2026-04-18
AI195,Air India,CCU,MAA,2026-04-18 02:58:41.703,2026-04-18 04:57:41.703,01:59:00,False,False,False,119.0,False,False,119.0,0.0,False,119.0,CCU → MAA,2026-04-18
UK072,Vistara,BOM,BLR,2026-04-18 02:55:41.702,2026-04-18 05:55:42.000,03:00:00.298000,False,False,False,180.0049666666667,False,False,180.0049666666667,0.0,False,180.0049666666667,BOM → BLR,2026-04-18
AI244,Air India,BLR,BOM,2026-04-18 02:50:41.704,2026-04-18 03:25:41.704,00:35:00,False,False,False,35.0,False,False,35.0,0.0,False,35.0,BLR → BOM,2026-04-18
SJ059,SpiceJet,CCU,DEL,2026-04-18 02:50:41.701,2026-04-18 04:06:41.701,01:16:00,False,False,False,76.0,False,False,76.0,0.0,False,76.0,CCU → DEL,2026-04-18
SJ009,SpiceJet,CCU,BLR,2026-04-18 02:48:41.701,2026-04-18 04:23:41.701,01:35:00,False,False,False,95.0,False,False,95.0,0.0,False,95.0,CCU → BLR,2026-04-18
AI121,Air India,HYD,MAA,2026-04-18 02:42:41.702,2026-04-18 06:11:41.702,03:29:00,False,False,False,209.0,False,False,209.0,0.0,False,209.0,HYD → MAA,2026-04-18
6F265,UNKNOWN,DEL,HYD,2026-04-18 02:27:41.703,2026-04-18 03:24:41.703,00:57:00,True,True,False,57.0,False,False,57.0,0.0,False,57.0,DEL → HYD,2026-04-18
6F110,IndiGo,HYD,DEL,2026-04-18 02:27:41.702,2026-04-18 05:48:41.702,03:21:00,False,False,False,201.0,False,False,201.0,0.0,False,201.0,HYD → DEL,2026-04-18
UK018,Vistara,BOM,CCU,2026-04-18 02:15:41.701,2026-04-18 04:08:41.701,01:53:00,False,False,False,113.0,False,False,113.0,0.0,False,113.0,BOM → CCU,2026-04-18
6F072,IndiGo,BLR,CCU,2026-04-18 02:14:41.702,2026-04-18 03:11:41.702,00:57:00,False,False,False,57.0,False,False,57.0,0.0,False,57.0,BLR → CCU,2026-04-18
6F159,IndiGo,CCU,BOM,2026-04-18 02:08:41.703,2026-04-18 02:43:41.703,00:35:00,False,False,False,35.0,False,False,35.0,0.0,False,35.0,CCU → BOM,2026-04-18
6F095,IndiGo,BLR,MAA,2026-04-18 01:53:41.702,2026-04-18 05:34:41.702,03:41:00,False,False,False,221.0,False,False,221.0,0.0,False,221.0,BLR → MAA,2026-04-18
SJ129,SpiceJet,CCU,BOM,2026-04-18 01:48:41.702,2026-04-18 05:48:41.702,04:00:00,False,False,False,240.0,False,False,240.0,0.0,False,240.0,CCU → BOM,2026-04-18
UK039,Vistara,HYD,BOM,2026-04-18 01:40:41.701,2026-04-18 02:53:41.701,01:13:00,False,False,False,73.0,False,False,73.0,0.0,False,73.0,HYD → BOM,2026-04-18
6F130,IndiGo,DEL,HYD,2026-04-18 01:27:41.702,2026-04-18 02:45:41.702,01:18:00,False,False,False,78.0,False,False,78.0,0.0,False,78.0,DEL → HYD,2026-04-18
6F247,IndiGo,DEL,HYD,2026-04-18 01:27:41.702,2026-04-18 02:45:41.702,01:18:00,False,False,False,78.0,False,False,78.0,0.0,False,78.0,DEL → HYD,2026-04-18
SJ233,SpiceJet,DEL,HYD,2026-04-18 01:18:41.704,2026-04-18 02:56:41.704,01:38:00,False,False,False,98.0,False,False,98.0,0.0,False,98.0,DEL → HYD,2026-04-18
6F231,IndiGo,HYD,MAA,2026-04-18 01:16:41.704,2026-04-18 05:43:41.704,04:27:00,False,False,False,267.0,False,False,267.0,0.0,False,267.0,HYD → MAA,2026-04-18
AI125,UNKNOWN,CCU,DEL,2026-04-18 01:12:41.702,2026-04-18 04:51:41.702,03:39:00,True,True,False,219.0,False,False,219.0,0.0,False,219.0,CCU → DEL,2026-04-18
6F102,IndiGo,HYD,MAA,2026-04-18 01:10:41.702,2026-04-18 02:24:41.702,01:14:00,False,False,False,74.0,False,False,74.0,0.0,False,74.0,HYD → MAA,2026-04-18
UK078,Vistara,BOM,HYD,2026-04-18 01:03:41.702,2026-04-18 04:32:41.702,03:29:00,False,False,False,209.0,False,False,209.0,0.0,False,209.0,BOM → HYD,2026-04-18
UK043,UNKNOWN,DEL,HYD,2026-04-18 00:48:41.701,2026-04-18 04:52:41.701,04:04:00,True,True,False,244.0,False,False,244.0,0.0,False,244.0,DEL → HYD,2026-04-18
AI144,Air India,MAA,BOM,2026-04-18 00:43:41.702,2026-04-18 03:36:41.702,02:53:00,False,False,False,173.0,False,False,173.0,0.0,False,173.0,MAA → BOM,2026-04-18
UK054,Vistara,BLR,BOM,2026-04-18 00:37:41.701,2026-04-18 05:30:41.701,04:53:00,False,False,False,293.0,False,False,293.0,0.0,False,293.0,BLR → BOM,2026-04-18
UK108,Vistara,DEL,BLR,2026-04-18 00:28:41.702,2026-04-18 03:46:41.702,03:18:00,False,False,False,198.0,False,False,198.0,0.0,False,198.0,DEL → BLR,2026-04-18
6F008,IndiGo,DEL,BOM,2026-04-18 00:14:41.701,2026-04-18 04:59:41.701,04:45:00,False,False,False,285.0,False,False,285.0,0.0,False,285.0,DEL → BOM,2026-04-18
6F106,IndiGo,BOM,CCU,2026-04-18 00:10:41.702,2026-04-18 01:52:41.702,01:42:00,False,False,False,102.0,False,False,102.0,0.0,False,102.0,BOM → CCU,2026-04-18
AI203,Air India,BOM,CCU,2026-04-18 00:09:41.703,2026-04-18 02:56:41.703,02:47:00,False,False,False,167.0,False,False,167.0,0.0,False,167.0,BOM → CCU,2026-04-18
AI065,UNKNOWN,MAA,BLR,2026-04-18 00:09:41.701,2026-04-18 05:00:41.701,04:51:00,True,True,False,291.0,False,False,291.0,0.0,False,291.0,MAA → BLR,2026-04-18
UK053,Vistara,BLR,BOM,2026-04-17 23:56:41.701,2026-04-18 02:46:41.701,02:50:00,False,False,False,170.0,False,True,170.0,0.0,False,170.0,BLR → BOM,2026-04-17
UK086,Vistara,CCU,BLR,2026-04-17 23:55:41.702,2026-04-18 02:27:41.702,02:32:00,False,False,False,152.0,False,True,152.0,0.0,False,152.0,CCU → BLR,2026-04-17
SJ223,SpiceJet,HYD,MAA,2026-04-17 23:54:41.703,2026-04-18 01:08:41.703,01:14:00,False,False,False,74.0,False,True,74.0,0.0,False,74.0,HYD → MAA,2026-04-17
6F069,IndiGo,MAA,BLR,2026-04-17 23:44:41.701,2026-04-18 03:17:41.701,03:33:00,False,False,False,213.0,False,True,213.0,0.0,False,213.0,MAA → BLR,2026-04-17
6F032,IndiGo,DEL,BOM,2026-04-17 23:43:41.701,2026-04-18 02:22:41.701,02:39:00,False,False,False,159.0,False,True,159.0,0.0,False,159.0,DEL → BOM,2026-04-17
UK178,Vistara,DEL,BLR,2026-04-17 23:41:41.703,2026-04-18 04:09:41.703,04:28:00,False,False,False,268.0,False,True,268.0,0.0,False,268.0,DEL → BLR,2026-04-17
6F108,IndiGo,DEL,HYD,2026-04-17 23:41:41.702,2026-04-18 03:23:41.702,03:42:00,False,False,False,222.0,False,True,222.0,0.0,False,222.0,DEL → HYD,2026-04-17
UK147,Vistara,CCU,DEL,2026-04-17 23:35:41.703,2026-04-18 02:55:41.703,03:20:00,False,False,False,200.0,False,True,200.0,0.0,False,200.0,CCU → DEL,2026-04-17
AI187,Air India,BLR,HYD,2026-04-17 23:32:41.703,2026-04-18 01:16:41.703,01:44:00,False,False,False,104.0,False,True,104.0,0.0,False,104.0,BLR → HYD,2026-04-17
UK213,Vistara,BOM,CCU,2026-04-17 23:21:41.704,2026-04-18 01:01:41.704,01:40:00,False,False,False,100.0,False,True,100.0,0.0,False,100.0,BOM → CCU,2026-04-17
AI035,Air India,DEL,MAA,2026-04-17 23:17:41.701,2026-04-18 00:48:41.701,01:31:00,False,False,False,91.0,False,True,91.0,0.0,False,91.0,DEL → MAA,2026-04-17
UK186,Vistara,BOM,BLR,2026-04-17 23:05:41.703,2026-04-18 02:22:41.703,03:17:00,False,False,False,197.0,False,True,197.0,0.0,False,197.0,BOM → BLR,2026-04-17
6F045,IndiGo,BOM,HYD,2026-04-17 23:04:41.701,2026-04-18 03:38:41.701,04:34:00,False,False,False,274.0,False,True,274.0,0.0,False,274.0,BOM → HYD,2026-04-17
UK025,Vistara,DEL,BOM,2026-04-17 22:55:41.701,2026-04-18 02:47:41.701,03:52:00,False,False,False,232.0,False,True,232.0,0.0,False,232.0,DEL → BOM,2026-04-17
UK162,Vistara,BOM,CCU,2026-04-17 22:47:41.703,2026-04-18 00:21:41.703,01:34:00,False,False,False,94.0,False,True,94.0,0.0,False,94.0,BOM → CCU,2026-04-17
AI157,Air India,BLR,CCU,2026-04-17 22:45:41.703,2026-04-18 01:33:41.703,02:48:00,False,False,False,168.0,False,True,168.0,0.0,False,168.0,BLR → CCU,2026-04-17
6F096,IndiGo,MAA,BLR,2026-04-17 22:45:41.702,2026-04-18 02:58:41.702,04:13:00,False,False,False,253.0,False,True,253.0,0.0,False,253.0,MAA → BLR,2026-04-17
SJ229,SpiceJet,CCU,DEL,2026-04-17 22:25:41.704,2026-04-18 00:27:41.704,02:02:00,False,False,False,122.0,False,True,122.0,0.0,False,122.0,CCU → DEL,2026-04-17
AI214,Air India,CCU,DEL,2026-04-17 22:23:41.703,2026-04-18 02:49:41.703,04:26:00,False,False,False,266.0,False,True,266.0,0.0,False,266.0,CCU → DEL,2026-04-17
6F205,IndiGo,HYD,BOM,2026-04-17 22:16:41.703,2026-04-18 00:02:41.703,01:46:00,False,False,False,106.0,False,True,106.0,0.0,False,106.0,HYD → BOM,2026-04-17
SJ157,SpiceJet,DEL,HYD,2026-04-17 22:11:41.703,2026-04-18 01:05:41.703,02:54:00,False,False,False,174.0,False,True,174.0,0.0,False,174.0,DEL → HYD,2026-04-17
UK114,Vistara,HYD,CCU,2026-04-17 22:10:41.702,2026-04-17 23:58:41.702,01:48:00,False,False,False,108.0,False,False,108.0,0.0,False,108.0,HYD → CCU,2026-04-17
6F054,IndiGo,HYD,BLR,2026-04-17 22:00:41.701,2026-04-18 01:25:41.701,03:25:00,False,False,False,205.0,False,True,205.0,0.0,False,205.0,HYD → BLR,2026-04-17
6F216,IndiGo,BLR,DEL,2026-04-17 21:58:41.704,2026-04-18 02:51:41.704,04:53:00,False,False,False,293.0,False,True,293.0,0.0,False,293.0,BLR → DEL,2026-04-17
AI231,Air India,DEL,HYD,2026-04-17 21:52:41.704,2026-04-17 23:51:41.704,01:59:00,False,False,False,119.0,False,False,119.0,0.0,False,119.0,DEL → HYD,2026-04-17
UK103,Vistara,MAA,DEL,2026-04-17 21:52:41.702,2026-04-18 01:06:41.702,03:14:00,False,False,False,194.0,False,True,194.0,0.0,False,194.0,MAA → DEL,2026-04-17
AI066,Air India,HYD,MAA,2026-04-17 21:51:41.701,2026-04-18 00:11:41.701,02:20:00,False,False,False,140.0,False,True,140.0,0.0,False,140.0,HYD → MAA,2026-04-17
6F186,IndiGo,HYD,BOM,2026-04-17 21:48:41.703,2026-04-18 02:02:41.703,04:14:00,False,False,False,254.0,False,True,254.0,0.0,False,254.0,HYD → BOM,2026-04-17
AI021,Air India,DEL,HYD,2026-04-17 21:39:41.701,2026-04-18 01:38:41.701,03:59:00,False,False,False,239.0,False,True,239.0,0.0,False,239.0,DEL → HYD,2026-04-17
AI113,Air India,CCU,HYD,2026-04-17 21:21:41.702,2026-04-17 23:51:41.702,02:30:00,False,False,False,150.0,False,False,150.0,0.0,False,150.0,CCU → HYD,2026-04-17
SJ031,SpiceJet,DEL,BOM,2026-04-17 21:20:41.701,2026-04-17 22:29:41.701,01:09:00,False,False,False,69.0,False,False,69.0,0.0,False,69.0,DEL → BOM,2026-04-17
UK217,Vistara,MAA,CCU,2026-04-17 21:19:41.704,2026-04-17 22:14:41.704,00:55:00,False,False,False,55.0,False,False,55.0,0.0,False,55.0,MAA → CCU,2026-04-17
SJ120,SpiceJet,MAA,BLR,2026-04-17 21:19:41.702,2026-04-18 00:56:41.702,03:37:00,False,False,False,217.0,False,True,217.0,0.0,False,217.0,MAA → BLR,2026-04-17
UK180,Vistara,CCU,MAA,2026-04-17 21:18:41.703,2026-04-17 23:29:41.703,02:11:00,False,False,False,131.0,False,False,131.0,0.0,False,131.0,CCU → MAA,2026-04-17
6F242,IndiGo,BLR,MAA,2026-04-17 21:10:41.704,2026-04-18 01:04:41.704,03:54:00,False,False,False,234.0,False,True,234.0,0.0,False,234.0,BLR → MAA,2026-04-17
UK080,Vistara,BLR,MAA,2026-04-17 21:09:41.702,2026-04-17 22:29:41.702,01:20:00,False,False,False,80.0,False,False,80.0,0.0,False,80.0,BLR → MAA,2026-04-17
SJ124,SpiceJet,HYD,DEL,2026-04-17 21:05:41.702,2026-04-18 01:12:41.702,04:07:00,False,False,False,247.0,False,True,247.0,0.0,False,247.0,HYD → DEL,2026-04-17
SJ115,SpiceJet,BOM,HYD,2026-04-17 21:05:41.702,2026-04-17 23:10:41.702,02:05:00,False,False,False,125.0,False,False,125.0,0.0,False,125.0,BOM → HYD,2026-04-17
AI081,Air India,CCU,BOM,2026-04-17 21:03:41.702,2026-04-17 22:51:41.702,01:48:00,False,False,False,108.0,False,False,108.0,0.0,False,108.0,CCU → BOM,2026-04-17
AI142,Air India,BOM,DEL,2026-04-17 20:49:41.702,2026-04-17 23:03:41.702,02:14:00,False,False,False,134.0,False,False,134.0,0.0,False,134.0,BOM → DEL,2026-04-17
UK052,Vistara,BLR,CCU,2026-04-17 20:48:41.701,2026-04-17 21:40:41.701,00:52:00,False,False,False,52.0,False,False,52.0,0.0,False,52.0,BLR → CCU,2026-04-17
UK014,Vistara,HYD,MAA,2026-04-17 20:41:41.701,2026-04-17 22:06:41.701,01:25:00,False,False,False,85.0,False,False,85.0,0.0,False,85.0,HYD → MAA,2026-04-17
AI230,UNKNOWN,CCU,BLR,2026-04-17 20:37:41.704,2026-04-18 00:22:41.704,03:45:00,True,True,False,225.0,False,True,225.0,0.0,False,225.0,CCU → BLR,2026-04-17
6F268,UNKNOWN,DEL,MAA,2026-04-17 20:29:41.701,2026-04-17 21:58:41.701,01:29:00,True,True,False,89.0,False,False,89.0,0.0,False,89.0,DEL → MAA,2026-04-17
AI124,Air India,CCU,HYD,2026-04-17 20:28:41.702,2026-04-18 00:00:41.702,03:32:00,False,False,False,212.0,False,True,212.0,0.0,False,212.0,CCU → HYD,2026-04-17
6F082,IndiGo,BOM,BLR,2026-04-17 20:26:41.702,2026-04-17 22:26:41.702,02:00:00,False,False,False,120.0,False,False,120.0,0.0,False,120.0,BOM → BLR,2026-04-17
SJ035,SpiceJet,CCU,DEL,2026-04-17 20:15:41.701,2026-04-17 21:15:42.000,01:00:00.299000,False,False,False,60.004983333333335,False,False,60.004983333333335,0.0,False,60.004983333333335,CCU → DEL,2026-04-17
SJ095,SpiceJet,DEL,MAA,2026-04-17 20:09:41.702,2026-04-17 23:13:41.702,03:04:00,False,False,False,184.0,False,False,184.0,0.0,False,184.0,DEL → MAA,2026-04-17
UK230,Vistara,BLR,BOM,2026-04-17 20:02:41.704,2026-04-17 21:35:41.704,01:33:00,False,False,False,93.0,False,False,93.0,0.0,False,93.0,BLR → BOM,2026-04-17
UK171,Vistara,HYD,CCU,2026-04-17 19:59:41.703,2026-04-17 22:53:41.703,02:54:00,False,False,False,174.0,False,False,174.0,0.0,False,174.0,HYD → CCU,2026-04-17
6F147,IndiGo,HYD,MAA,2026-04-17 19:57:41.703,2026-04-18 00:31:41.703,04:34:00,False,False,False,274.0,False,True,274.0,0.0,False,274.0,HYD → MAA,2026-04-17
SJ212,UNKNOWN,MAA,BLR,2026-04-17 19:49:41.703,2026-04-17 21:44:41.703,01:55:00,False,True,False,115.0,False,False,115.0,0.0,False,115.0,MAA → BLR,2026-04-17
6F080,IndiGo,HYD,MAA,2026-04-17 19:47:41.702,2026-04-17 23:13:41.702,03:26:00,False,False,False,206.0,False,False,206.0,0.0,False,206.0,HYD → MAA,2026-04-17
UK049,Vistara,HYD,BOM,2026-04-17 19:47:41.701,2026-04-17 20:32:41.701,00:45:00,False,False,False,45.0,False,False,45.0,0.0,False,45.0,HYD → BOM,2026-04-17
AI152,Air India,BLR,CCU,2026-04-17 19:21:41.703,2026-04-17 20:26:41.703,01:05:00,False,False,False,65.0,False,False,65.0,0.0,False,65.0,BLR → CCU,2026-04-17
AI162,Air India,MAA,DEL,2026-04-17 19:20:41.703,2026-04-17 22:40:41.703,03:20:00,False,False,False,200.0,False,False,200.0,0.0,False,200.0,MAA → DEL,2026-04-17
SJ037,SpiceJet,BLR,BOM,2026-04-17 19:14:41.701,2026-04-17 22:31:41.701,03:17:00,False,False,False,197.0,False,False,197.0,0.0,False,197.0,BLR → BOM,2026-04-17
AI172,Air India,BOM,CCU,2026-04-17 19:08:41.703,2026-04-17 19:53:41.703,00:45:00,False,False,False,45.0,False,False,45.0,0.0,False,45.0,BOM → CCU,2026-04-17
UK205,Vistara,HYD,MAA,2026-04-17 18:57:41.703,2026-04-17 21:46:41.703,02:49:00,False,False,False,169.0,False,False,169.0,0.0,False,169.0,HYD → MAA,2026-04-17
AI199,Air India,HYD,DEL,2026-04-17 18:47:41.703,2026-04-17 22:26:41.703,03:39:00,False,False,False,219.0,False,False,219.0,0.0,False,219.0,HYD → DEL,2026-04-17
6F241,IndiGo,DEL,HYD,2026-04-17 18:27:41.704,2026-04-17 19:02:41.704,00:35:00,False,False,False,35.0,False,False,35.0,0.0,False,35.0,DEL → HYD,2026-04-17
SJ041,SpiceJet,CCU,HYD,2026-04-17 18:24:41.701,2026-04-17 22:59:41.701,04:35:00,False,False,False,275.0,False,False,275.0,0.0,False,275.0,CCU → HYD,2026-04-17
AI064,Air India,BLR,MAA,2026-04-17 18:24:41.701,2026-04-17 20:07:41.701,01:43:00,False,False,False,103.0,False,False,103.0,0.0,False,103.0,BLR → MAA,2026-04-17
UK169,Vistara,HYD,DEL,2026-04-17 18:12:41.703,2026-04-17 23:01:41.703,04:49:00,False,False,False,289.0,False,False,289.0,0.0,False,289.0,HYD → DEL,2026-04-17
UK144,Vistara,BOM,CCU,2026-04-17 18:07:41.703,2026-04-17 20:59:41.703,02:52:00,False,False,False,172.0,False,False,172.0,0.0,False,172.0,BOM → CCU,2026-04-17
AI118,Air India,HYD,MAA,2026-04-17 17:50:41.702,2026-04-17 19:59:41.702,02:09:00,False,False,False,129.0,False,False,129.0,0.0,False,129.0,HYD → MAA,2026-04-17
SJ145,SpiceJet,BLR,HYD,2026-04-17 17:41:41.702,2026-04-17 20:38:41.702,02:57:00,False,False,False,177.0,False,False,177.0,0.0,False,177.0,BLR → HYD,2026-04-17
SJ077,SpiceJet,BLR,MAA,2026-04-17 17:32:41.701,2026-04-17 19:40:41.701,02:08:00,False,False,False,128.0,False,False,128.0,0.0,False,128.0,BLR → MAA,2026-04-17
AI126,Air India,MAA,HYD,2026-04-17 17:26:41.702,2026-04-17 20:48:41.702,03:22:00,False,False,False,202.0,False,False,202.0,0.0,False,202.0,MAA → HYD,2026-04-17
SJ033,SpiceJet,HYD,DEL,2026-04-17 17:26:41.701,2026-04-17 18:51:41.701,01:25:00,False,False,False,85.0,False,False,85.0,0.0,False,85.0,HYD → DEL,2026-04-17
SJ180,SpiceJet,HYD,CCU,2026-04-17 17:12:41.703,2026-04-17 22:00:41.703,04:48:00,False,False,False,288.0,False,False,288.0,0.0,False,288.0,HYD → CCU,2026-04-17
6F183,IndiGo,MAA,HYD,2026-04-17 17:08:41.703,2026-04-17 19:52:41.703,02:44:00,False,False,False,164.0,False,False,164.0,0.0,False,164.0,MAA → HYD,2026-04-17
AI145,UNKNOWN,DEL,BOM,2026-04-17 17:06:41.702,2026-04-17 21:31:41.702,04:25:00,True,True,False,265.0,False,False,265.0,0.0,False,265.0,DEL → BOM,2026-04-17
6F089,IndiGo,DEL,HYD,2026-04-17 17:06:41.702,2026-04-17 19:10:41.702,02:04:00,False,False,False,124.0,False,False,124.0,0.0,False,124.0,DEL → HYD,2026-04-17
6F207,IndiGo,BOM,HYD,2026-04-17 16:59:41.703,2026-04-17 21:00:41.703,04:01:00,False,False,False,241.0,False,False,241.0,0.0,False,241.0,BOM → HYD,2026-04-17
AI229,Air India,HYD,MAA,2026-04-17 16:48:41.703,2026-04-17 18:40:41.703,01:52:00,False,False,False,112.0,False,False,112.0,0.0,False,112.0,HYD → MAA,2026-04-17
6F223,IndiGo,MAA,BLR,2026-04-17 16:47:41.704,2026-04-17 17:21:41.704,00:34:00,False,False,False,34.0,False,False,34.0,0.0,False,34.0,MAA → BLR,2026-04-17
6F116,IndiGo,MAA,CCU,2026-04-17 16:43:41.702,2026-04-17 19:02:41.702,02:19:00,False,False,False,139.0,False,False,139.0,0.0,False,139.0,MAA → CCU,2026-04-17
SJ240,SpiceJet,BOM,HYD,2026-04-17 16:42:41.704,2026-04-17 20:21:41.704,03:39:00,False,False,False,219.0,False,False,219.0,0.0,False,219.0,BOM → HYD,2026-04-17
SJ184,SpiceJet,CCU,DEL,2026-04-17 16:32:41.703,2026-04-17 21:00:41.703,04:28:00,False,False,False,268.0,False,False,268.0,0.0,False,268.0,CCU → DEL,2026-04-17
AI087,Air India,MAA,DEL,2026-04-17 16:32:41.702,2026-04-17 20:30:41.702,03:58:00,False,False,False,238.0,False,False,238.0,0.0,False,238.0,MAA → DEL,2026-04-17
UK148,Vistara,HYD,BOM,2026-04-17 16:31:41.703,2026-04-17 18:43:41.703,02:12:00,False,False,False,132.0,False,False,132.0,0.0,False,132.0,HYD → BOM,2026-04-17
AI210,Air India,BLR,BOM,2026-04-17 16:13:41.703,2026-04-17 18:50:41.703,02:37:00,False,False,False,157.0,False,False,157.0,0.0,False,157.0,BLR → BOM,2026-04-17
6F093,IndiGo,CCU,DEL,2026-04-17 16:09:41.702,2026-04-17 20:00:41.702,03:51:00,False,False,False,231.0,False,False,231.0,0.0,False,231.0,CCU → DEL,2026-04-17
SJ080,SpiceJet,CCU,MAA,2026-04-17 16:04:41.702,2026-04-17 17:59:41.702,01:55:00,False,False,False,115.0,False,False,115.0,0.0,False,115.0,CCU → MAA,2026-04-17
SJ005,SpiceJet,DEL,MAA,2026-04-17 16:03:41.701,2026-04-17 17:24:41.701,01:21:00,False,False,False,81.0,False,False,81.0,0.0,False,81.0,DEL → MAA,2026-04-17
6F040,IndiGo,HYD,CCU,2026-04-17 15:52:41.701,2026-04-17 20:33:41.701,04:41:00,False,False,False,281.0,False,False,281.0,0.0,False,281.0,HYD → CCU,2026-04-17
AI212,Air India,DEL,CCU,2026-04-17 15:31:41.703,2026-04-17 20:13:41.703,04:42:00,False,False,False,282.0,False,False,282.0,0.0,False,282.0,DEL → CCU,2026-04-17
AI154,Air India,HYD,MAA,2026-04-17 15:25:41.703,2026-04-17 19:16:41.703,03:51:00,False,False,False,231.0,False,False,231.0,0.0,False,231.0,HYD → MAA,2026-04-17
6F239,IndiGo,CCU,BOM,2026-04-17 15:24:41.704,2026-04-17 17:37:41.704,02:13:00,False,False,False,133.0,False,False,133.0,0.0,False,133.0,CCU → BOM,2026-04-17
UK199,Vistara,BOM,CCU,2026-04-17 15:24:41.703,2026-04-17 18:55:41.703,03:31:00,False,False,False,211.0,False,False,211.0,0.0,False,211.0,BOM → CCU,2026-04-17
6F218,IndiGo,BLR,BOM,2026-04-17 15:16:41.704,2026-04-17 19:03:41.704,03:47:00,False,False,False,227.0,False,False,227.0,0.0,False,227.0,BLR → BOM,2026-04-17
6F011,IndiGo,MAA,BLR,2026-04-17 15:16:41.701,2026-04-17 17:16:42.000,02:00:00.299000,False,False,False,120.00498333333331,False,False,120.00498333333331,0.0,False,120.00498333333333,MAA → BLR,2026-04-17
UK106,Vistara,BOM,CCU,2026-04-17 15:12:41.702,2026-04-17 17:23:41.702,02:11:00,False,False,False,131.0,False,False,131.0,0.0,False,131.0,BOM → CCU,2026-04-17
UK030,Vistara,CCU,DEL,2026-04-17 15:11:41.701,2026-04-17 19:38:41.701,04:27:00,False,False,False,267.0,False,False,267.0,0.0,False,267.0,CCU → DEL,2026-04-17
6F090,IndiGo,HYD,BLR,2026-04-17 15:10:41.702,2026-04-17 19:22:41.702,04:12:00,False,False,False,252.0,False,False,252.0,0.0,False,252.0,HYD → BLR,2026-04-17
AI184,Air India,BOM,CCU,2026-04-17 15:03:41.703,2026-04-17 17:03:42.000,02:00:00.297000,False,False,False,120.00495,False,False,120.00495,0.0,False,120.00495,BOM → CCU,2026-04-17
SJ232,SpiceJet,MAA,BLR,2026-04-17 15:02:41.704,2026-04-17 19:22:41.704,04:20:00,False,False,False,260.0,False,False,260.0,0.0,False,260.0,MAA → BLR,2026-04-17
AI153,Air India,BOM,CCU,2026-04-17 15:02:41.703,2026-04-17 16:30:41.703,01:28:00,False,False,False,88.0,False,False,88.0,0.0,False,88.0,BOM → CCU,2026-04-17
UK101,Vistara,DEL,HYD,2026-04-17 15:00:41.702,2026-04-17 17:43:41.702,02:43:00,False,False,False,163.0,False,False,163.0,0.0,False,163.0,DEL → HYD,2026-04-17
6F200,IndiGo,HYD,DEL,2026-04-17 14:54:41.703,2026-04-17 19:41:41.703,04:47:00,False,False,False,287.0,False,False,287.0,0.0,False,287.0,HYD → DEL,2026-04-17
6F162,IndiGo,CCU,BOM,2026-04-17 14:50:41.703,2026-04-17 17:44:41.703,02:54:00,False,False,False,174.0,False,False,174.0,0.0,False,174.0,CCU → BOM,2026-04-17
SJ197,SpiceJet,HYD,BLR,2026-04-17 14:49:41.703,2026-04-17 17:33:41.703,02:44:00,False,False,False,164.0,False,False,164.0,0.0,False,164.0,HYD → BLR,2026-04-17
AI174,Air India,DEL,CCU,2026-04-17 14:45:41.703,2026-04-17 17:01:41.703,02:16:00,False,False,False,136.0,False,False,136.0,0.0,False,136.0,DEL → CCU,2026-04-17
UK090,Vistara,HYD,MAA,2026-04-17 14:44:41.702,2026-04-17 17:24:41.702,02:40:00,False,False,False,160.0,False,False,160.0,0.0,False,160.0,HYD → MAA,2026-04-17
UK124,Vistara,MAA,BLR,2026-04-17 14:35:41.702,2026-04-17 17:09:41.702,02:34:00,False,False,False,154.0,False,False,154.0,0.0,False,154.0,MAA → BLR,2026-04-17
AI239,Air India,BOM,HYD,2026-04-17 14:33:41.704,2026-04-17 17:47:41.704,03:14:00,False,False,False,194.0,False,False,194.0,0.0,False,194.0,BOM → HYD,2026-04-17
UK002,Vistara,CCU,MAA,2026-04-17 14:28:41.700,2026-04-17 19:20:41.700,04:52:00,False,False,False,292.0,False,False,292.0,0.0,False,292.0,CCU → MAA,2026-04-17
SJ055,SpiceJet,HYD,MAA,2026-04-17 14:17:41.701,2026-04-17 17:56:41.701,03:39:00,False,False,False,219.0,False,False,219.0,0.0,False,219.0,HYD → MAA,2026-04-17
UK132,Vistara,BOM,DEL,2026-04-17 14:12:41.702,2026-04-17 16:19:41.702,02:07:00,False,False,False,127.0,False,False,127.0,0.0,False,127.0,BOM → DEL,2026-04-17
6F002,IndiGo,BLR,MAA,2026-04-17 14:11:41.700,2026-04-17 17:34:41.700,03:23:00,False,False,False,203.0,False,False,203.0,0.0,False,203.0,BLR → MAA,2026-04-17
UK005,Vistara,BOM,MAA,2026-04-17 14:02:41.701,2026-04-17 18:14:41.701,04:12:00,False,False,False,252.0,False,False,252.0,0.0,False,252.0,BOM → MAA,2026-04-17
6F258,UNKNOWN,BOM,DEL,2026-04-17 13:54:41.703,2026-04-17 16:49:41.703,02:55:00,False,True,False,175.0,False,False,175.0,0.0,False,175.0,BOM → DEL,2026-04-17
SJ244,SpiceJet,BLR,DEL,2026-04-17 13:51:41.704,2026-04-17 15:39:41.704,01:48:00,False,False,False,108.0,False,False,108.0,0.0,False,108.0,BLR → DEL,2026-04-17
AI075,Air India,CCU,DEL,2026-04-17 13:51:41.702,2026-04-17 16:49:41.702,02:58:00,False,False,False,178.0,False,False,178.0,0.0,False,178.0,CCU → DEL,2026-04-17
AI160,Air India,MAA,DEL,2026-04-17 13:41:41.703,2026-04-17 17:01:41.703,03:20:00,False,False,False,200.0,False,False,200.0,0.0,False,200.0,MAA → DEL,2026-04-17
UK091,Vistara,CCU,BOM,2026-04-17 13:37:41.702,2026-04-17 17:31:41.702,03:54:00,False,False,False,234.0,False,False,234.0,0.0,False,234.0,CCU → BOM,2026-04-17
UK195,Vistara,HYD,BOM,2026-04-17 13:35:41.703,2026-04-17 16:35:41.703,03:00:00,False,False,False,180.0,False,False,180.0,0.0,False,180.0,HYD → BOM,2026-04-17
6F044,IndiGo,DEL,HYD,2026-04-17 13:25:41.701,2026-04-17 17:36:41.701,04:11:00,False,False,False,251.0,False,False,251.0,0.0,False,251.0,DEL → HYD,2026-04-17
6F248,IndiGo,DEL,HYD,2026-04-17 13:25:41.701,2026-04-17 17:36:41.701,04:11:00,False,False,False,251.0,False,False,251.0,0.0,False,251.0,DEL → HYD,2026-04-17
6F204,IndiGo,DEL,CCU,2026-04-17 13:23:41.703,2026-04-17 16:04:41.703,02:41:00,False,False,False,161.0,False,False,161.0,0.0,False,161.0,DEL → CCU,2026-04-17
SJ092,SpiceJet,BLR,MAA,2026-04-17 13:19:41.702,2026-04-17 17:56:41.702,04:37:00,False,False,False,277.0,False,False,277.0,0.0,False,277.0,BLR → MAA,2026-04-17
AI119,Air India,MAA,BLR,2026-04-17 13:15:41.702,2026-04-17 15:57:41.702,02:42:00,False,False,False,162.0,False,False,162.0,0.0,False,162.0,MAA → BLR,2026-04-17
AI151,Air India,MAA,HYD,2026-04-17 13:14:41.703,2026-04-17 14:10:41.703,00:56:00,False,False,False,56.0,False,False,56.0,0.0,False,56.0,MAA → HYD,2026-04-17
UK107,Vistara,HYD,BOM,2026-04-17 13:09:41.702,2026-04-17 14:25:41.702,01:16:00,False,False,False,76.0,False,False,76.0,0.0,False,76.0,HYD → BOM,2026-04-17
SJ019,SpiceJet,BLR,DEL,2026-04-17 13:07:41.701,2026-04-17 15:56:41.701,02:49:00,False,False,False,169.0,False,False,169.0,0.0,False,169.0,BLR → DEL,2026-04-17
AI052,Air India,CCU,MAA,2026-04-17 13:06:41.701,2026-04-17 15:42:41.701,02:36:00,False,False,False,156.0,False,False,156.0,0.0,False,156.0,CCU → MAA,2026-04-17
SJ177,SpiceJet,BOM,CCU,2026-04-17 13:04:41.703,2026-04-17 17:37:41.703,04:33:00,False,False,False,273.0,False,False,273.0,0.0,False,273.0,BOM → CCU,2026-04-17
6F215,IndiGo,DEL,BLR,2026-04-17 13:00:41.703,2026-04-17 17:30:41.703,04:30:00,False,False,False,270.0,False,False,270.0,0.0,False,270.0,DEL → BLR,2026-04-17
AI223,Air India,BOM,CCU,2026-04-17 12:53:41.703,2026-04-17 14:42:41.703,01:49:00,False,False,False,109.0,False,False,109.0,0.0,False,109.0,BOM → CCU,2026-04-17
SJ069,SpiceJet,HYD,BLR,2026-04-17 12:53:41.701,2026-04-17 14:17:41.701,01:24:00,False,False,False,84.0,False,False,84.0,0.0,False,84.0,HYD → BLR,2026-04-17
6F198,IndiGo,HYD,BLR,2026-04-17 12:40:41.703,2026-04-17 17:39:41.703,04:59:00,False,False,False,299.0,False,False,299.0,0.0,False,299.0,HYD → BLR,2026-04-17
AI093,Air India,BOM,BLR,2026-04-17 12:35:41.702,2026-04-17 17:28:41.702,04:53:00,False,False,False,293.0,False,False,293.0,0.0,False,293.0,BOM → BLR,2026-04-17
UK062,Vistara,HYD,DEL,2026-04-17 12:33:41.701,2026-04-17 15:35:41.701,03:02:00,False,False,False,182.0,False,False,182.0,0.0,False,182.0,HYD → DEL,2026-04-17
6F057,IndiGo,MAA,DEL,2026-04-17 12:32:41.701,2026-04-17 15:50:41.701,03:18:00,False,False,False,198.0,False,False,198.0,0.0,False,198.0,MAA → DEL,2026-04-17
UK064,Vistara,BOM,DEL,2026-04-17 12:25:41.701,2026-04-17 14:55:41.701,02:30:00,False,False,False,150.0,False,False,150.0,0.0,False,150.0,BOM → DEL,2026-04-17
